motif_id	motif_alt_id	sequence_name	start	stop	strand	score	p-value	q-value	sequence
1	XXXXXXXXXXXXXXXXXXXX	sp|O94985|CSTN1_HUMAN	815	834	+	21.8471	3.72e-10	0.000279	TANPMEHANHMAAQPQFVHP
1	XXXXXXXXXXXXXXXXXXXX	sp|Q9BQT9|CSTN3_HUMAN	803	822	+	20.9882	1.33e-09	0.000502	SMNRVAHPSHVLSSQQFLHR
1	XXXXXXXXXXXXXXXXXXXX	sp|P10912|GHR_HUMAN	247	266	+	17.6118	1.13e-07	0.0283	LYVTLPQMSQFTCEEDFYFP
1	XXXXXXXXXXXXXXXXXXXX	sp|P46531|NOTC1_HUMAN	1711	1730	+	16.9882	2.34e-07	0.0403	SLNIPYKIEAVQSETVEPPP
1	XXXXXXXXXXXXXXXXXXXX	sp|Q8TEM1|PO210_HUMAN	817	836	+	16.8118	2.85e-07	0.0403	ASIEPELPMQLVSQDDESGQ
1	XXXXXXXXXXXXXXXXXXXX	sp|P01876|IGHA1_HUMAN	103	122	+	16.7059	3.21e-07	0.0403	VPSTPPTPSPSTPPTPSPSC
1	XXXXXXXXXXXXXXXXXXXX	sp|O75581|LRP6_HUMAN	1455	1474	+	16.1529	5.91e-07	0.0562	SSGPPYDRAHVTGASSSSSS
1	XXXXXXXXXXXXXXXXXXXX	sp|P01135|TGFA_HUMAN	30	49	+	16.1412	5.98e-07	0.0562	LSADPPVAAAVVSHFNDCPD
1	XXXXXXXXXXXXXXXXXXXX	sp|P12821|ACE_HUMAN	1223	1242	+	15.8118	8.51e-07	0.0711	QYNWTPNSARSEGPLPDSGR
1	XXXXXXXXXXXXXXXXXXXX	sp|Q9Y5F3|PCDB1_HUMAN	342	361	+	15.4706	1.22e-06	0.0814	DNPPEVMVSSVSSPLPEDSP
1	XXXXXXXXXXXXXXXXXXXX	sp|P20333|TNR1B_HUMAN	206	225	+	15.3882	1.32e-06	0.0814	TRSMAPGAVHLPQPVSTRSQ
1	XXXXXXXXXXXXXXXXXXXX	sp|A8MVW5|HECA2_HUMAN	98	117	+	15.3294	1.41e-06	0.0814	FTMMPPNASLLINPLQFPDE
1	XXXXXXXXXXXXXXXXXXXX	sp|A6NFA1|TIKI2_HUMAN	375	394	+	15.3294	1.41e-06	0.0814	TSPAPVTPAAAVPEAPSVTP
1	XXXXXXXXXXXXXXXXXXXX	sp|Q07954|LRP1_HUMAN	3273	3292	+	15.1765	1.64e-06	0.0849	HRPMDLHVFHALRQPDVPNH
1	XXXXXXXXXXXXXXXXXXXX	sp|Q16849|PTPRN_HUMAN	407	426	+	15.0824	1.81e-06	0.0849	PMPGHPTASPTSSEVQQVPS
1	XXXXXXXXXXXXXXXXXXXX	sp|P17927|CR1_HUMAN	2005	2024	+	15.0353	1.9e-06	0.0849	HENPKEVAIHLHSQGGSSVH
1	XXXXXXXXXXXXXXXXXXXX	sp|P43121|MUC18_HUMAN	14	33	+	15.0235	1.92e-06	0.0849	ACCCCPRVAGVPGEAEQPAP
1	XXXXXXXXXXXXXXXXXXXX	sp|P06729|CD2_HUMAN	269	288	+	14.9647	2.04e-06	0.085	PASTPQNPATSQHPPPPPGH
1	XXXXXXXXXXXXXXXXXXXX	sp|Q92673|SORL_HUMAN	1930	1949	+	14.6588	2.76e-06	0.102	DSRLPPRHLHVVHTGKTSVV
1	XXXXXXXXXXXXXXXXXXXX	sp|P01133|EGF_HUMAN	406	425	+	14.6353	2.82e-06	0.102	SECSHDCVLTSEGPLCFCPE
1	XXXXXXXXXXXXXXXXXXXX	sp|Q16849|PTPRN_HUMAN	178	197	+	14.6235	2.85e-06	0.102	AELLPPLLEHLLLPPQPPHP
1	XXXXXXXXXXXXXXXXXXXX	sp|P19438|TNR1A_HUMAN	192	211	+	14.4941	3.24e-06	0.102	TKLCLPQIENVKGTEDSGTT
1	XXXXXXXXXXXXXXXXXXXX	sp|Q5DID0|UROL1_HUMAN	833	852	+	14.4588	3.35e-06	0.102	TMCQHMDAGGVRMEVVSVTN
1	XXXXXXXXXXXXXXXXXXXX	sp|Q9Y336|SIGL9_HUMAN	174	193	+	14.4353	3.43e-06	0.102	TPPMISWIGTSVSPLDPSTT
1	XXXXXXXXXXXXXXXXXXXX	sp|Q13641|TPBG_HUMAN	42	61	+	14.4118	3.51e-06	0.102	SSSAPFLASAVSAQPPLPDQ
1	XXXXXXXXXXXXXXXXXXXX	sp|Q5VV63|ATRN1_HUMAN	860	879	+	14.3882	3.59e-06	0.102	ANPCTSMANGLVCEKPVVSP
1	XXXXXXXXXXXXXXXXXXXX	sp|Q9Y286|SIGL7_HUMAN	178	197	+	14.3412	3.75e-06	0.102	TPPMISWMGTSVSPLHPSTT
1	XXXXXXXXXXXXXXXXXXXX	sp|Q96QU1|PCD15_HUMAN	1422	1441	+	14.3294	3.8e-06	0.102	AKPAVPAPAPVAAPPPPPPP
1	XXXXXXXXXXXXXXXXXXXX	sp|Q8WXI7|MUC16_HUMAN	5272	5291	+	14.2706	4.02e-06	0.104	QASPPESASHSTLPLDTSTT
1	XXXXXXXXXXXXXXXXXXXX	sp|Q8NFY4|SEM6D_HUMAN	810	829	+	14.1412	4.54e-06	0.108	PSSPPPHSPLSHGHIPSAIV
1	XXXXXXXXXXXXXXXXXXXX	sp|Q96QU1|PCD15_HUMAN	1755	1774	+	14.0706	4.85e-06	0.108	PPSPPPAPAPLAPPPDISPF
1	XXXXXXXXXXXXXXXXXXXX	sp|Q8NFZ4|NLGN2_HUMAN	796	815	+	14.0235	5.07e-06	0.108	GPPPPPPPPSLHPFGPFPPP
1	XXXXXXXXXXXXXXXXXXXX	sp|Q6EMK4|VASN_HUMAN	393	412	+	14.0118	5.13e-06	0.108	PSTAPPTVGPVPQPQDCPPS
1	XXXXXXXXXXXXXXXXXXXX	sp|P78536|ADA17_HUMAN	109	128	+	13.9765	5.3e-06	0.108	VKWQDFFTGHVVGEPDSRVL
1	XXXXXXXXXXXXXXXXXXXX	sp|P60852|ZP1_HUMAN	145	164	+	13.9529	5.42e-06	0.108	DSQLAPPAMFSVSTPQTLSF
1	XXXXXXXXXXXXXXXXXXXX	sp|Q9UHC6|CNTP2_HUMAN	1039	1058	+	13.8941	5.73e-06	0.108	QQNSHPDLAQEEIRFSFSTT
1	XXXXXXXXXXXXXXXXXXXX	sp|P20333|TNR1B_HUMAN	203	222	+	13.8706	5.85e-06	0.108	TSPTRSMAPGAVHLPQPVST
1	XXXXXXXXXXXXXXXXXXXX	sp|Q14517|FAT1_HUMAN	250	269	+	13.8471	5.98e-06	0.108	ANECAPVITAVTLSPSELDR
1	XXXXXXXXXXXXXXXXXXXX	sp|P20333|TNR1B_HUMAN	204	223	+	13.8353	6.05e-06	0.108	SPTRSMAPGAVHLPQPVSTR
1	XXXXXXXXXXXXXXXXXXXX	sp|Q15303|ERBB4_HUMAN	632	651	+	13.8235	6.12e-06	0.108	DCIYYPWTGHSTLPQHARTP
1	XXXXXXXXXXXXXXXXXXXX	sp|Q8WXI7|MUC16_HUMAN	8222	8241	+	13.8235	6.12e-06	0.108	TPNWVETHSTVTQRFSHSEM
1	XXXXXXXXXXXXXXXXXXXX	sp|P58401|NRX2B_HUMAN	12	31	+	13.7765	6.39e-06	0.108	PRRPPALAGPLPPPPPPPPP
1	XXXXXXXXXXXXXXXXXXXX	sp|A0PJX4|SHSA3_HUMAN	191	210	+	13.7765	6.39e-06	0.108	SPPPPYTTSHSIHLAQPSGF
1	XXXXXXXXXXXXXXXXXXXX	sp|Q8TDY8|IGDC4_HUMAN	746	765	+	13.7412	6.6e-06	0.108	QRGPPLPPAHVHAESNSSTS
1	XXXXXXXXXXXXXXXXXXXX	sp|O75051|PLXA2_HUMAN	886	905	+	13.7176	6.74e-06	0.108	DFSEIAHHVQVAGVPCTPLP
1	XXXXXXXXXXXXXXXXXXXX	sp|Q9H6X2|ANTR1_HUMAN	530	549	+	13.7059	6.82e-06	0.108	TPPIPSPPSTLPPPPQAPPP
1	XXXXXXXXXXXXXXXXXXXX	sp|Q9P246|STIM2_HUMAN	536	555	+	13.6941	6.89e-06	0.108	PHPSHPRHPHHPQHTPHSLP
1	XXXXXXXXXXXXXXXXXXXX	sp|P43146|DCC_HUMAN	1311	1330	+	13.6941	6.89e-06	0.108	PMLPPSQPEHSSSEEAPSRT
1	XXXXXXXXXXXXXXXXXXXX	sp|A6NF34|ANTRL_HUMAN	402	421	+	13.6706	7.04e-06	0.108	PPPPPPPPPPLPPPPPAPVN
1	XXXXXXXXXXXXXXXXXXXX	sp|Q9P246|STIM2_HUMAN	539	558	+	13.6118	7.43e-06	0.111	SHPRHPHHPQHTPHSLPSPD
1	XXXXXXXXXXXXXXXXXXXX	sp|Q9UEF7|KLOT_HUMAN	949	968	+	13.6	7.51e-06	0.111	DSNGFPGPETLERFCPEEFT
1	XXXXXXXXXXXXXXXXXXXX	sp|A8MVW0|F1712_HUMAN	460	479	+	13.5647	7.76e-06	0.111	HRRGPSGAAAFLHEPPSPPP
1	XXXXXXXXXXXXXXXXXXXX	sp|P50895|BCAM_HUMAN	257	276	+	13.5529	7.84e-06	0.111	HLTLHYPTEHVQFWVGSPST
1	XXXXXXXXXXXXXXXXXXXX	sp|Q14162|SREC_HUMAN	294	313	+	13.4941	8.27e-06	0.113	QQPCLPGTFGESCEQQCPHC
1	XXXXXXXXXXXXXXXXXXXX	sp|Q9UKJ1|PILRA_HUMAN	275	294	+	13.4353	8.72e-06	0.113	SSSTSPRAPPSHRPLKSPQN
1	XXXXXXXXXXXXXXXXXXXX	sp|Q01113|IL9R_HUMAN	419	438	+	13.4353	8.72e-06	0.113	TRPAPPDSEGSRSSSSSSSS
1	XXXXXXXXXXXXXXXXXXXX	sp|Q9C0A0|CNTP4_HUMAN	1183	1202	+	13.4235	8.82e-06	0.113	LHPSHPDPVTVTGHVTESSC
1	XXXXXXXXXXXXXXXXXXXX	sp|Q9Y6N7|ROBO1_HUMAN	191	210	+	13.4	9.01e-06	0.113	CQPPRGHPEPTISWKKDGSP
1	XXXXXXXXXXXXXXXXXXXX	sp|Q8NFZ4|NLGN2_HUMAN	638	657	+	13.4	9.01e-06	0.113	PGTRRPPPPATLPPEPEPEP
1	XXXXXXXXXXXXXXXXXXXX	sp|Q9H4D0|CSTN2_HUMAN	794	813	+	13.3529	9.39e-06	0.113	QVSDKEHVNHLIVQPPFLQS
1	XXXXXXXXXXXXXXXXXXXX	sp|O15031|PLXB2_HUMAN	707	726	+	13.3412	9.49e-06	0.113	LKFMEPVTMQESGTFAFRTP
1	XXXXXXXXXXXXXXXXXXXX	sp|P21583|SCF_HUMAN	183	202	+	13.3294	9.59e-06	0.113	FMLPPVAASSLRNDSSSSNR
1	XXXXXXXXXXXXXXXXXXXX	sp|Q14162|SREC_HUMAN	246	265	+	13.3294	9.59e-06	0.113	ARCELPCPAGSHGVQCAHSC
1	XXXXXXXXXXXXXXXXXXXX	sp|Q6EMK4|VASN_HUMAN	389	408	+	13.3059	9.8e-06	0.113	APSPPSTAPPTVGPVPQPQD
1	XXXXXXXXXXXXXXXXXXXX	sp|Q9HCU0|CD248_HUMAN	630	649	+	13.2824	1e-05	0.113	TSPISPTHPHSKAPQIPRED
1	XXXXXXXXXXXXXXXXXXXX	sp|O94985|CSTN1_HUMAN	817	836	+	13.2824	1e-05	0.113	NPMEHANHMAAQPQFVHPEH
1	XXXXXXXXXXXXXXXXXXXX	sp|P17813|EGLN_HUMAN	18	37	+	13.2706	1.01e-05	0.113	SLSPTSLAETVHCDLQPVGP
1	XXXXXXXXXXXXXXXXXXXX	sp|Q3SXY7|LRIT3_HUMAN	401	420	+	13.2588	1.02e-05	0.113	TLSPPSTASFSLSPFSSSTV
1	XXXXXXXXXXXXXXXXXXXX	sp|Q96QU1|PCD15_HUMAN	1662	1681	+	13.2118	1.07e-05	0.116	FCFPRPHFSFSTLPTVSRTV
1	XXXXXXXXXXXXXXXXXXXX	sp|Q9Y493|ZAN_HUMAN	1809	1828	+	13.1882	1.09e-05	0.116	PMRCPPGSSYSPCSSPCPDT
1	XXXXXXXXXXXXXXXXXXXX	sp|Q96AP7|ESAM_HUMAN	343	362	+	13.1647	1.11e-05	0.116	PSPRLPTTDGAHPQPISPIP
1	XXXXXXXXXXXXXXXXXXXX	sp|Q13332|PTPRS_HUMAN	496	515	+	13.1529	1.12e-05	0.116	TYTVRVLAFTSVGDGPLSDP
1	XXXXXXXXXXXXXXXXXXXX	sp|Q8IZU9|KIRR3_HUMAN	37	56	+	13.1294	1.15e-05	0.116	DKFRRMNEGQVYSFSQQPQD
1	XXXXXXXXXXXXXXXXXXXX	sp|Q9BYE9|CDHR2_HUMAN	1260	1279	+	13.1294	1.15e-05	0.116	SQEIKEHRPPHTPPEPDPEP
1	XXXXXXXXXXXXXXXXXXXX	sp|O95754|SEM4F_HUMAN	573	592	+	13.0353	1.25e-05	0.125	FEVPVATAAHVVLPCSPSSA
1	XXXXXXXXXXXXXXXXXXXX	sp|Q9ULI3|HEG1_HUMAN	670	689	+	13.0118	1.27e-05	0.125	SSSGPPLPLPSVSQSHHLFS
1	XXXXXXXXXXXXXXXXXXXX	sp|P48357|LEPR_HUMAN	524	543	+	13	1.28e-05	0.125	SPPTCVLPDSVVKPLPPSSV
1	XXXXXXXXXXXXXXXXXXXX	sp|A6BM72|MEG11_HUMAN	299	318	+	12.9647	1.32e-05	0.128	DRCQEECPFGSFGFQCSQHC
1	XXXXXXXXXXXXXXXXXXXX	sp|P46531|NOTC1_HUMAN	2470	2489	+	12.9412	1.35e-05	0.128	SSLVPPVTAAQFLTPPSQHS
1	XXXXXXXXXXXXXXXXXXXX	sp|P40197|GPV_HUMAN	475	494	+	12.9294	1.37e-05	0.128	PRGPPPRPAADSSSEAPVHP
1	XXXXXXXXXXXXXXXXXXXX	sp|P42701|I12R1_HUMAN	194	213	+	12.9176	1.38e-05	0.128	ESCLCPLEMNVAQEFQLRRR
1	XXXXXXXXXXXXXXXXXXXX	sp|P30530|UFO_HUMAN	273	292	+	12.9059	1.39e-05	0.128	AGEPDPPEEPLTSQASVPPH
1	XXXXXXXXXXXXXXXXXXXX	sp|Q9UN66|PCDB8_HUMAN	670	689	+	12.8706	1.44e-05	0.13	PYLPLPEAAPAQGQADSLTV
1	XXXXXXXXXXXXXXXXXXXX	sp|Q9Y493|ZAN_HUMAN	538	557	+	12.8471	1.47e-05	0.131	VLPELPPVSPVSSTGPSETT
1	XXXXXXXXXXXXXXXXXXXX	sp|Q16849|PTPRN_HUMAN	414	433	+	12.7882	1.54e-05	0.137	ASPTSSEVQQVPSPVSSEPP
1	XXXXXXXXXXXXXXXXXXXX	sp|P54760|EPHB4_HUMAN	860	879	+	12.6824	1.69e-05	0.14	DRNARPRFPQVVSALDKMIR
1	XXXXXXXXXXXXXXXXXXXX	sp|P46531|NOTC1_HUMAN	2526	2545	+	12.6824	1.69e-05	0.14	HSNVSDWSEGVSSPPTSMQS
1	XXXXXXXXXXXXXXXXXXXX	sp|P08174|DAF_HUMAN	318	337	+	12.6588	1.72e-05	0.14	TKTTTPNAQATRSTPVSRTT
1	XXXXXXXXXXXXXXXXXXXX	sp|P28068|DMB_HUMAN	109	128	+	12.6118	1.8e-05	0.14	TNRTRPPSVQVAKTTPFNTR
1	XXXXXXXXXXXXXXXXXXXX	sp|P19022|CADH2_HUMAN	377	396	+	12.6118	1.8e-05	0.14	DNPPEFTAMTFYGEVPENRV
1	XXXXXXXXXXXXXXXXXXXX	sp|Q9P2B2|FPRP_HUMAN	383	402	+	12.6118	1.8e-05	0.14	NRSWHKVAEAVSSPAGVGVT
1	XXXXXXXXXXXXXXXXXXXX	sp|Q9UMZ3|PTPRQ_HUMAN	1443	1462	+	12.6118	1.8e-05	0.14	SYVFKVRASTSAGEGDESTC
1	XXXXXXXXXXXXXXXXXXXX	sp|Q8IZU9|KIRR3_HUMAN	749	768	+	12.6	1.81e-05	0.14	ASASSSHHSQSSSQNSDPSR
1	XXXXXXXXXXXXXXXXXXXX	sp|Q9UBV2|SE1L1_HUMAN	774	793	+	12.6	1.81e-05	0.14	PPGPRPAPPQQEGPPEQQPP
1	XXXXXXXXXXXXXXXXXXXX	sp|Q8WXI7|MUC16_HUMAN	4891	4910	+	12.6	1.81e-05	0.14	SSLTPKLRETSISQEITSST
1	XXXXXXXXXXXXXXXXXXXX	sp|Q92545|TM131_HUMAN	1835	1854	+	12.5647	1.87e-05	0.14	ENSPAPHAPSTSSPADDLGQ
1	XXXXXXXXXXXXXXXXXXXX	sp|Q8WXI7|MUC16_HUMAN	8955	8974	+	12.5647	1.87e-05	0.14	SYPGLPEPSKVTSPVVTSST
1	XXXXXXXXXXXXXXXXXXXX	sp|O60309|L37A3_HUMAN	57	76	+	12.5294	1.92e-05	0.14	PEPWSSHSSHFPRESPHAPT
1	XXXXXXXXXXXXXXXXXXXX	sp|Q9NYZ4|SIGL8_HUMAN	428	447	+	12.5294	1.92e-05	0.14	LKKPPPAVAPSSGEEGELHY
1	XXXXXXXXXXXXXXXXXXXX	sp|A8MVW0|F1712_HUMAN	703	722	+	12.5294	1.92e-05	0.14	AREERERAPPAAPPPPPAPP
1	XXXXXXXXXXXXXXXXXXXX	sp|Q3SXY7|LRIT3_HUMAN	628	647	+	12.5176	1.94e-05	0.14	QFETLFPRSQSVGELWTRSH
1	XXXXXXXXXXXXXXXXXXXX	sp|O00592|PODXL_HUMAN	13	32	+	12.4941	1.98e-05	0.14	LLSTPPLLPSSPSPSPSPSQ
1	XXXXXXXXXXXXXXXXXXXX	sp|P58401|NRX2B_HUMAN	544	563	+	12.4941	1.98e-05	0.14	PRRPPPLRPGVTSAPGFPHL
1	XXXXXXXXXXXXXXXXXXXX	sp|Q9P2S2|NRX2A_HUMAN	1590	1609	+	12.4941	1.98e-05	0.14	PRRPPPLRPGVTSAPGFPHL
1	XXXXXXXXXXXXXXXXXXXX	sp|Q8IYS5|OSCAR_HUMAN	123	142	+	12.4824	2e-05	0.14	VTEELPRPSLVALPGPVVGP
1	XXXXXXXXXXXXXXXXXXXX	sp|Q96F46|I17RA_HUMAN	244	263	+	12.4706	2.02e-05	0.14	SCFEHMHHIPAPRPEEFHQR
1	XXXXXXXXXXXXXXXXXXXX	sp|A6NM11|L37A2_HUMAN	346	365	+	12.4471	2.06e-05	0.14	PPVPPMEHELSISEQQQPVQ
1	XXXXXXXXXXXXXXXXXXXX	sp|A6NMS7|L37A1_HUMAN	346	365	+	12.4471	2.06e-05	0.14	PPVPPMEHELSISEQQQPVQ
1	XXXXXXXXXXXXXXXXXXXX	sp|O60309|L37A3_HUMAN	346	365	+	12.4471	2.06e-05	0.14	PPVPPMEHELSISEQQQPVQ
1	XXXXXXXXXXXXXXXXXXXX	sp|Q9NRJ7|PCDBG_HUMAN	359	378	+	12.4353	2.08e-05	0.14	NSPEIVVAVFSVSDPDSGNN
1	XXXXXXXXXXXXXXXXXXXX	sp|Q12913|PTPRJ_HUMAN	155	174	+	12.4235	2.1e-05	0.14	HKMENEKTITVVHQPWCNIT
1	XXXXXXXXXXXXXXXXXXXX	sp|Q9H3T2|SEM6C_HUMAN	808	827	+	12.4235	2.1e-05	0.14	SPRPHECASPLRLDVPPEGR
1	XXXXXXXXXXXXXXXXXXXX	sp|Q6ZRH7|CTSRG_HUMAN	781	800	+	12.4118	2.13e-05	0.14	TQSELGTAFQLHSQVDVGVV
1	XXXXXXXXXXXXXXXXXXXX	sp|Q6ZMQ8|LMTK1_HUMAN	1052	1071	+	12.4118	2.13e-05	0.14	PGEVLPPLLQLEGSSPEPST
1	XXXXXXXXXXXXXXXXXXXX	sp|Q9UHC6|CNTP2_HUMAN	20	39	+	12.3882	2.17e-05	0.142	SCLCRAWTAPSTSQKCDEPL
1	XXXXXXXXXXXXXXXXXXXX	sp|Q9HBG7|LY9_HUMAN	482	501	+	12.3647	2.21e-05	0.143	CSVPAFCSSQAEAPADTPEP
1	XXXXXXXXXXXXXXXXXXXX	sp|Q96DB9|FXYD5_HUMAN	42	61	+	12.3412	2.25e-05	0.145	VPTRAPDAVYTELQPTSPTP
1	XXXXXXXXXXXXXXXXXXXX	sp|P15309|PPAP_HUMAN	92	111	+	12.2941	2.34e-05	0.147	FLNESYKHEQVYIRSTDVDR
1	XXXXXXXXXXXXXXXXXXXX	sp|Q14517|FAT1_HUMAN	345	364	+	12.2824	2.37e-05	0.147	PQFSSVKVIHVTSPQFKAGP
1	XXXXXXXXXXXXXXXXXXXX	sp|P26010|ITB7_HUMAN	544	563	+	12.2706	2.39e-05	0.147	QCGRCSCSGQSSGHLCECDD
1	XXXXXXXXXXXXXXXXXXXX	sp|Q5SZI1|LRAD2_HUMAN	101	120	+	12.2588	2.41e-05	0.147	PAPADPCAPGSYLQFYEGPP
1	XXXXXXXXXXXXXXXXXXXX	sp|Q9H6Y7|RN167_HUMAN	313	332	+	12.2588	2.41e-05	0.147	SSPTLPTSFGSLAPAPLVFP
1	XXXXXXXXXXXXXXXXXXXX	sp|Q99665|I12R2_HUMAN	748	767	+	12.2588	2.41e-05	0.147	SSPPPPRALQAESRQLVDLY
1	XXXXXXXXXXXXXXXXXXXX	sp|Q92859|NEO1_HUMAN	424	443	+	12.2471	2.44e-05	0.147	QLIILEHAPATTGPLPSAPR
1	XXXXXXXXXXXXXXXXXXXX	sp|Q96RD9|FCRL5_HUMAN	171	190	+	12.2353	2.46e-05	0.147	ESCCPVSSNTVKIQVQEPFT
1	XXXXXXXXXXXXXXXXXXXX	sp|Q96QU1|PCD15_HUMAN	1424	1443	+	12.2235	2.49e-05	0.147	PAVPAPAPVAAPPPPPPPPP
1	XXXXXXXXXXXXXXXXXXXX	sp|Q8WXI7|MUC16_HUMAN	5637	5656	+	12.2235	2.49e-05	0.147	PSMTSPSPVSSTSPESIPSS
1	XXXXXXXXXXXXXXXXXXXX	sp|Q96LC7|SIG10_HUMAN	644	663	+	12.2118	2.51e-05	0.147	PSFPEPKSSTQAPESQESQE
1	XXXXXXXXXXXXXXXXXXXX	sp|Q8WXI7|MUC16_HUMAN	8562	8581	+	12.1882	2.56e-05	0.148	SSSLSSPAMTSTSFFSTLPE
1	XXXXXXXXXXXXXXXXXXXX	sp|Q9P246|STIM2_HUMAN	525	544	+	12.1765	2.58e-05	0.148	QPQRAQLAPHAPHPSHPRHP
1	XXXXXXXXXXXXXXXXXXXX	sp|O75445|USH2A_HUMAN	4011	4030	+	12.1647	2.61e-05	0.148	FNSPTVHAFTVKGTSHQAHL
1	XXXXXXXXXXXXXXXXXXXX	sp|P23470|PTPRG_HUMAN	549	568	+	12.1529	2.63e-05	0.148	ARPVLATTEALASPGPDGDS
1	XXXXXXXXXXXXXXXXXXXX	sp|Q86VB7|C163A_HUMAN	670	689	+	12.1529	2.63e-05	0.148	SLCPSEQVASVICSGNQSQT
1	XXXXXXXXXXXXXXXXXXXX	sp|Q9UM47|NOTC3_HUMAN	1145	1164	+	12.1529	2.63e-05	0.148	LCSCPPGTLGVLCEINEDDC
1	XXXXXXXXXXXXXXXXXXXX	sp|Q9BYH1|SE6L1_HUMAN	207	226	+	12.1294	2.69e-05	0.15	SQPYVAHTLPQRPEPGEPGP
1	XXXXXXXXXXXXXXXXXXXX	sp|P32004|L1CAM_HUMAN	914	933	+	12.0941	2.77e-05	0.152	PEGVPGHPEALHLECQSNTS
1	XXXXXXXXXXXXXXXXXXXX	sp|Q8WWQ8|STAB2_HUMAN	2039	2058	+	12.0941	2.77e-05	0.152	PSCDTQAVLPAVCTPPCSAH
1	XXXXXXXXXXXXXXXXXXXX	sp|Q6V0I7|FAT4_HUMAN	4439	4458	+	12.0706	2.82e-05	0.154	GSCEPGLHSGFTCSCPDSHT
1	XXXXXXXXXXXXXXXXXXXX	sp|O14944|EREG_HUMAN	53	72	+	12.0588	2.85e-05	0.154	QTEDNPRVAQVSITKCSSDM
1	XXXXXXXXXXXXXXXXXXXX	sp|Q9BZA7|PC11X_HUMAN	1258	1277	+	12.0471	2.87e-05	0.154	SSPLPQVIALHRSQAQSSVS
1	XXXXXXXXXXXXXXXXXXXX	sp|Q8NFY4|SEM6D_HUMAN	904	923	+	12.0353	2.9e-05	0.155	HQNLMLDPMGSMSEVPPKVP
1	XXXXXXXXXXXXXXXXXXXX	sp|O15031|PLXB2_HUMAN	557	576	+	12.0235	2.93e-05	0.155	FGESPPHPARVEGEAVICNS
1	XXXXXXXXXXXXXXXXXXXX	sp|P07202|PERT_HUMAN	310	329	+	12.0118	2.96e-05	0.156	TANPRQQMNGLTSFLDASTV
1	XXXXXXXXXXXXXXXXXXXX	sp|A6NMS7|L37A1_HUMAN	57	76	+	11.9882	3.01e-05	0.157	PESWSSHSSHFPRESPHAPT
1	XXXXXXXXXXXXXXXXXXXX	sp|O15197|EPHB6_HUMAN	901	920	+	11.9647	3.07e-05	0.159	DRARRPHFDQLVAAFDKMIR
1	XXXXXXXXXXXXXXXXXXXX	sp|Q96F05|CK024_HUMAN	243	262	+	11.9529	3.1e-05	0.159	ASPVPPMRPQAQGPISQVSV
1	XXXXXXXXXXXXXXXXXXXX	sp|P20333|TNR1B_HUMAN	394	413	+	11.9529	3.1e-05	0.159	SSQCSSQASSTMGDTDSSPS
1	XXXXXXXXXXXXXXXXXXXX	sp|Q96GP6|SREC2_HUMAN	573	592	+	11.9294	3.16e-05	0.161	AESRDPEVPTVPAEAPAPSP
1	XXXXXXXXXXXXXXXXXXXX	sp|Q8WXI7|MUC16_HUMAN	6019	6038	+	11.8941	3.25e-05	0.164	TNSMHKLHSSVSIHSQPSGH
1	XXXXXXXXXXXXXXXXXXXX	sp|Q14114|LRP8_HUMAN	730	749	+	11.8824	3.28e-05	0.165	DMKRCYRAPQSTSTTTLAST
1	XXXXXXXXXXXXXXXXXXXX	sp|Q9BZA7|PC11X_HUMAN	1221	1240	+	11.8353	3.41e-05	0.17	HSPPLVQATALHHSPPSAQA
1	XXXXXXXXXXXXXXXXXXXX	sp|P24394|IL4RA_HUMAN	457	476	+	11.8235	3.44e-05	0.17	PPWGKEQPLHLEPSPPASPT
1	XXXXXXXXXXXXXXXXXXXX	sp|O75197|LRP5_HUMAN	1574	1593	+	11.8118	3.48e-05	0.171	PPPPTPHSQYLSAEDSCPPS
1	XXXXXXXXXXXXXXXXXXXX	sp|P10586|PTPRF_HUMAN	483	502	+	11.8	3.51e-05	0.171	TYSLRVLAFTAVGDGPPSPT
1	XXXXXXXXXXXXXXXXXXXX	sp|Q02297|NRG1_HUMAN	440	459	+	11.7647	3.61e-05	0.174	HTPSSPKSPPSEMSPPVSSM
1	XXXXXXXXXXXXXXXXXXXX	sp|Q92545|TM131_HUMAN	1543	1562	+	11.7647	3.61e-05	0.174	NSQELGNTSSSEGEKDSPPP
1	XXXXXXXXXXXXXXXXXXXX	sp|P78325|ADAM8_HUMAN	306	325	+	11.7412	3.68e-05	0.176	VSAMCSHSSGAVNQDHSKNP
1	XXXXXXXXXXXXXXXXXXXX	sp|Q13261|I15RA_HUMAN	105	124	+	11.7176	3.75e-05	0.178	APPSTVTTAGVTPQPESLSP
1	XXXXXXXXXXXXXXXXXXXX	sp|Q8N3J6|CADM2_HUMAN	224	243	+	11.7059	3.78e-05	0.178	HYTPSVKIIPSTPFPQEGQP
1	XXXXXXXXXXXXXXXXXXXX	sp|O14944|EREG_HUMAN	99	118	+	11.6941	3.82e-05	0.178	TGVRCEHFFLTVHQPLSKEY
1	XXXXXXXXXXXXXXXXXXXX	sp|P55291|CAD15_HUMAN	397	416	+	11.6941	3.82e-05	0.178	FSARDPDTEQLQRLSYSKDY
1	XXXXXXXXXXXXXXXXXXXX	sp|Q9HBL6|LRTM1_HUMAN	220	239	+	11.6824	3.85e-05	0.179	DLLRIPHELYQPCPLPAPDP
1	XXXXXXXXXXXXXXXXXXXX	sp|Q96FE5|LIGO1_HUMAN	392	411	+	11.6706	3.89e-05	0.179	QQPTCATPEFVQGKEFKDFP
1	XXXXXXXXXXXXXXXXXXXX	sp|Q6UWI2|PARM1_HUMAN	205	224	+	11.6588	3.93e-05	0.18	TPTSHATAEPVPQEKTPPTT
1	XXXXXXXXXXXXXXXXXXXX	sp|Q92824|PCSK5_HUMAN	1309	1328	+	11.6471	3.96e-05	0.181	QENCPERHVAVKGVCKHCPE
1	XXXXXXXXXXXXXXXXXXXX	sp|P40189|IL6RB_HUMAN	821	840	+	11.6353	4e-05	0.181	QHESSPDISHFERSKQVSSV
1	XXXXXXXXXXXXXXXXXXXX	sp|O14511|NRG2_HUMAN	54	73	+	11.6118	4.07e-05	0.181	SSISRPAAPPEPRPQQQPQP
1	XXXXXXXXXXXXXXXXXXXX	sp|Q6IEE7|T132E_HUMAN	61	80	+	11.6118	4.07e-05	0.181	ARPPSPAVANSSLQRSEPFV
1	XXXXXXXXXXXXXXXXXXXX	sp|P09603|CSF1_HUMAN	208	227	+	11.6118	4.07e-05	0.181	HQPLAPSMAPVAGLTWEDSE
1	XXXXXXXXXXXXXXXXXXXX	sp|Q96JA1|LRIG1_HUMAN	464	483	+	11.6	4.11e-05	0.181	VTATCAHPESLKGQSIFSVP
1	XXXXXXXXXXXXXXXXXXXX	sp|Q96RD9|FCRL5_HUMAN	661	680	+	11.5882	4.15e-05	0.181	LTFRAPRAQAVVGDLLELHC
1	XXXXXXXXXXXXXXXXXXXX	sp|Q96LA5|FCRL2_HUMAN	141	160	+	11.5765	4.19e-05	0.181	LQFCFFRENQVLGSGWSSSP
1	XXXXXXXXXXXXXXXXXXXX	sp|A8MVW0|F1712_HUMAN	223	242	+	11.5529	4.27e-05	0.181	TEVPLSGPIHLSLPVPSETR
1	XXXXXXXXXXXXXXXXXXXX	sp|Q96QE4|LR37B_HUMAN	278	297	+	11.5412	4.31e-05	0.181	SSLQEEAPAQLLQLPQEVEP
1	XXXXXXXXXXXXXXXXXXXX	sp|P78325|ADAM8_HUMAN	746	765	+	11.5294	4.35e-05	0.181	KRPPPAPPVTVSSPPFPVPV
1	XXXXXXXXXXXXXXXXXXXX	sp|O75976|CBPD_HUMAN	351	370	+	11.5176	4.39e-05	0.181	LSCCKYPPASQLRQEWENNR
1	XXXXXXXXXXXXXXXXXXXX	sp|Q04912|RON_HUMAN	812	831	+	11.5176	4.39e-05	0.181	SRCERQLPEQQLCRLPEYVV
1	XXXXXXXXXXXXXXXXXXXX	sp|Q92932|PTPR2_HUMAN	273	292	+	11.5059	4.43e-05	0.181	SRMPRPLLAPAAPQKWPSPL
1	XXXXXXXXXXXXXXXXXXXX	sp|Q9NR61|DLL4_HUMAN	505	524	+	11.5059	4.43e-05	0.181	VCNCPYGFVGSRCEFPVGLP
1	XXXXXXXXXXXXXXXXXXXX	sp|P29323|EPHB2_HUMAN	675	694	+	11.5059	4.43e-05	0.181	GQFDHPNVIHLEGVVTKSTP
1	XXXXXXXXXXXXXXXXXXXX	sp|Q9BZA8|PC11Y_HUMAN	1251	1270	+	11.5059	4.43e-05	0.181	SSSLPQVIALHRSQAQSSVS
1	XXXXXXXXXXXXXXXXXXXX	sp|Q8N131|PORIM_HUMAN	66	85	+	11.4824	4.51e-05	0.181	TSNSTVKPPTSVASDSSNTT
1	XXXXXXXXXXXXXXXXXXXX	sp|A8MWY0|ELAP2_HUMAN	601	620	+	11.4824	4.51e-05	0.181	ASSCRACALGSEQSGSSCVP
1	XXXXXXXXXXXXXXXXXXXX	sp|Q8WXI7|MUC16_HUMAN	12003	12022	+	11.4824	4.51e-05	0.181	TPLTTPGMSTLASESVTSRT
1	XXXXXXXXXXXXXXXXXXXX	sp|P40238|TPOR_HUMAN	192	211	+	11.4706	4.55e-05	0.181	TCCPALQRPHSASALDQSPC
1	XXXXXXXXXXXXXXXXXXXX	sp|A2VDJ0|T131L_HUMAN	1548	1567	+	11.4588	4.59e-05	0.181	CCPINPTTEHSTHMENQAVV
1	XXXXXXXXXXXXXXXXXXXX	sp|P19438|TNR1A_HUMAN	102	121	+	11.4471	4.64e-05	0.181	CSKCRKEMGQVEISSCTVDR
1	XXXXXXXXXXXXXXXXXXXX	sp|P46531|NOTC1_HUMAN	2479	2498	+	11.4471	4.64e-05	0.181	AQFLTPPSQHSYSSPVDNTP
1	XXXXXXXXXXXXXXXXXXXX	sp|O75445|USH2A_HUMAN	1337	1356	+	11.4353	4.68e-05	0.181	FRVLAVNMAGSVSSAWVSER
1	XXXXXXXXXXXXXXXXXXXX	sp|Q96QE4|LR37B_HUMAN	42	61	+	11.4	4.81e-05	0.181	LGPPEPWSSRSSHLPWESPH
1	XXXXXXXXXXXXXXXXXXXX	sp|Q8N6P7|I22R1_HUMAN	501	520	+	11.4	4.81e-05	0.181	SVQIEGHPMSLPLQPPSRPC
1	XXXXXXXXXXXXXXXXXXXX	sp|P35590|TIE1_HUMAN	642	661	+	11.3882	4.85e-05	0.181	SGPPAPRHLHAQALSDSEIQ
1	XXXXXXXXXXXXXXXXXXXX	sp|B8ZZ34|SHSA8_HUMAN	305	324	+	11.3765	4.9e-05	0.181	PLDACPWAPPVYAPPAAPGP
1	XXXXXXXXXXXXXXXXXXXX	sp|Q8NHJ6|LIRB4_HUMAN	425	444	+	11.3765	4.9e-05	0.181	TEPPPSQEGASPAEPSVYAT
1	XXXXXXXXXXXXXXXXXXXX	sp|Q9Y5E3|PCDB6_HUMAN	667	686	+	11.3765	4.9e-05	0.181	PYLPLPEAAPAQAQADSLTV
1	XXXXXXXXXXXXXXXXXXXX	sp|Q9Y5E4|PCDB5_HUMAN	668	687	+	11.3765	4.9e-05	0.181	PYLPLPEAAPAQAQADSLTV
1	XXXXXXXXXXXXXXXXXXXX	sp|Q9Y5E5|PCDB4_HUMAN	668	687	+	11.3765	4.9e-05	0.181	PYLPLPEAAPAQAQADSLTV
1	XXXXXXXXXXXXXXXXXXXX	sp|Q9Y5F2|PCDBB_HUMAN	669	688	+	11.3765	4.9e-05	0.181	PYLPLPEAAPAQAQADSLTV
1	XXXXXXXXXXXXXXXXXXXX	sp|Q9Y5E8|PCDBF_HUMAN	669	688	+	11.3765	4.9e-05	0.181	PYLPLPEAAPAQAQADSLTV
1	XXXXXXXXXXXXXXXXXXXX	sp|Q9Y5F1|PCDBC_HUMAN	669	688	+	11.3765	4.9e-05	0.181	PYLPLPEAAPAQAQADSLTV
1	XXXXXXXXXXXXXXXXXXXX	sp|Q9Y5E9|PCDBE_HUMAN	669	688	+	11.3765	4.9e-05	0.181	PYLPLPEAAPAQAQADSLTV
1	XXXXXXXXXXXXXXXXXXXX	sp|Q9Y6N7|ROBO1_HUMAN	1213	1232	+	11.3765	4.9e-05	0.181	EMPCPVPPARMYLQQDELEE
1	XXXXXXXXXXXXXXXXXXXX	sp|Q8WXI7|MUC16_HUMAN	1261	1280	+	11.3647	4.94e-05	0.181	SPSTIKLTMASVVKPGSYTP
1	XXXXXXXXXXXXXXXXXXXX	sp|Q96MS0|ROBO3_HUMAN	1111	1130	+	11.3529	4.99e-05	0.181	EEWCPPMPERSHLTEPSSSG
1	XXXXXXXXXXXXXXXXXXXX	sp|Q6UVY6|MOXD1_HUMAN	282	301	+	11.3412	5.03e-05	0.181	GFSYPPHVGLSLGTPLDPHY
1	XXXXXXXXXXXXXXXXXXXX	sp|O60309|L37A3_HUMAN	464	483	+	11.3412	5.03e-05	0.181	ESSEEAGPLAVQQETSFQSP
1	XXXXXXXXXXXXXXXXXXXX	sp|A6NMS7|L37A1_HUMAN	464	483	+	11.3412	5.03e-05	0.181	ESSEEAGPLAVQQETSFQSP
1	XXXXXXXXXXXXXXXXXXXX	sp|A6NM11|L37A2_HUMAN	464	483	+	11.3412	5.03e-05	0.181	ESSEEAGPLAVQQETSFQSP
1	XXXXXXXXXXXXXXXXXXXX	sp|P23471|PTPRZ_HUMAN	1621	1640	+	11.3412	5.03e-05	0.181	HESRIGLAEGLESEKKAVIP
1	XXXXXXXXXXXXXXXXXXXX	sp|P21754|ZP3_HUMAN	323	342	+	11.3294	5.08e-05	0.182	NKGDCGTPSHSRRQPHVMSQ
1	XXXXXXXXXXXXXXXXXXXX	sp|O15146|MUSK_HUMAN	471	490	+	11.3176	5.13e-05	0.183	PSVDIPNLPSSSSSSFSVSP
1	XXXXXXXXXXXXXXXXXXXX	sp|Q96GP6|SREC2_HUMAN	473	492	+	11.2824	5.27e-05	0.185	TRRPRPRRELSLGRKKAPHR
1	XXXXXXXXXXXXXXXXXXXX	sp|O43699|SIGL6_HUMAN	134	153	+	11.2706	5.32e-05	0.185	SSKLSVRVMALTHRPNISIP
1	XXXXXXXXXXXXXXXXXXXX	sp|Q96QU1|PCD15_HUMAN	1808	1827	+	11.2588	5.36e-05	0.185	PPLLPPFPTPLPPPPPSIPC
1	XXXXXXXXXXXXXXXXXXXX	sp|Q8WXI7|MUC16_HUMAN	7756	7775	+	11.2588	5.36e-05	0.185	TYKDTAHTEAVHPSTNTGGT
1	XXXXXXXXXXXXXXXXXXXX	sp|Q9BX67|JAM3_HUMAN	148	167	+	11.2471	5.41e-05	0.185	KAVPVGKMATLHCQESEGHP
1	XXXXXXXXXXXXXXXXXXXX	sp|Q9UKN1|MUC12_HUMAN	1445	1464	+	11.2471	5.41e-05	0.185	TSPRSPDATLSPATTTSSGV
1	XXXXXXXXXXXXXXXXXXXX	sp|Q9UKN1|MUC12_HUMAN	2528	2547	+	11.2471	5.41e-05	0.185	TSPRSPDATLSPATTTSSGV
1	XXXXXXXXXXXXXXXXXXXX	sp|Q9UKN1|MUC12_HUMAN	3002	3021	+	11.2471	5.41e-05	0.185	TSPRSPDATLSPATTTSSGV
1	XXXXXXXXXXXXXXXXXXXX	sp|Q9UKN1|MUC12_HUMAN	4085	4104	+	11.2471	5.41e-05	0.185	TSPRSPDATLSPATTTSSGV
1	XXXXXXXXXXXXXXXXXXXX	sp|Q04721|NOTC2_HUMAN	1409	1428	+	11.2353	5.46e-05	0.185	SRCELYTAPPSTPPATCLSQ
1	XXXXXXXXXXXXXXXXXXXX	sp|P01876|IGHA1_HUMAN	107	126	+	11.2235	5.51e-05	0.185	PPTPSPSTPPTPSPSCCHPR
1	XXXXXXXXXXXXXXXXXXXX	sp|Q9NR96|TLR9_HUMAN	264	283	+	11.2235	5.51e-05	0.185	PCMECPRHFPQLHPDTFSHL
1	XXXXXXXXXXXXXXXXXXXX	sp|Q13444|ADA15_HUMAN	793	812	+	11.2235	5.51e-05	0.185	PPTRPLPADPVVRSPKSQGP
1	XXXXXXXXXXXXXXXXXXXX	sp|P55283|CADH4_HUMAN	387	406	+	11.1882	5.66e-05	0.188	DNPPEFTASTFAGEVPENRV
1	XXXXXXXXXXXXXXXXXXXX	sp|Q8WXI7|MUC16_HUMAN	3965	3984	+	11.1882	5.66e-05	0.188	HSTIPAHSASSKLTSPVVTT
1	XXXXXXXXXXXXXXXXXXXX	sp|Q9UQF0|SYCY1_HUMAN	81	100	+	11.1765	5.71e-05	0.188	HANTHYWTGKMINPSCPGGL
1	XXXXXXXXXXXXXXXXXXXX	sp|P21583|SCF_HUMAN	181	200	+	11.1765	5.71e-05	0.188	KPFMLPPVAASSLRNDSSSS
1	XXXXXXXXXXXXXXXXXXXX	sp|O60309|L37A3_HUMAN	688	707	+	11.1647	5.76e-05	0.188	TTAPPPGHPEVTLPPSDKGQ
1	XXXXXXXXXXXXXXXXXXXX	sp|A6NMS7|L37A1_HUMAN	688	707	+	11.1647	5.76e-05	0.188	TTAPPPGHPEVTLPPSDKGQ
1	XXXXXXXXXXXXXXXXXXXX	sp|A6NM11|L37A2_HUMAN	688	707	+	11.1647	5.76e-05	0.188	TTAPPPGHPEVTLPPSDKGQ
1	XXXXXXXXXXXXXXXXXXXX	sp|Q9UKN1|MUC12_HUMAN	2690	2709	+	11.1529	5.82e-05	0.189	ESTTFQTHPASTHTTPSPPS
1	XXXXXXXXXXXXXXXXXXXX	sp|Q9Y5E4|PCDB5_HUMAN	358	377	+	11.1294	5.92e-05	0.19	NAPETVVAVFSVSDPDSGDN
1	XXXXXXXXXXXXXXXXXXXX	sp|O60469|DSCAM_HUMAN	574	593	+	11.1176	5.97e-05	0.19	TCNVLVQPQLSTSQSVHVTV
1	XXXXXXXXXXXXXXXXXXXX	sp|A0A1B0GTW7|CIROP_HUMAN	598	617	+	11.1176	5.97e-05	0.19	LCQTNEDINAVTSPPVSLST
1	XXXXXXXXXXXXXXXXXXXX	sp|Q13873|BMPR2_HUMAN	861	880	+	11.1176	5.97e-05	0.19	NSSPDEHEPLLRREQQAGHD
1	XXXXXXXXXXXXXXXXXXXX	sp|Q16671|AMHR2_HUMAN	497	516	+	11.1059	6.03e-05	0.19	TAECVQQRLAALAHPQESHP
1	XXXXXXXXXXXXXXXXXXXX	sp|P32927|IL3RB_HUMAN	803	822	+	11.1059	6.03e-05	0.19	VSPTSPQPEGLLVLQQVGDY
1	XXXXXXXXXXXXXXXXXXXX	sp|Q8WXI7|MUC16_HUMAN	9624	9643	+	11.0941	6.08e-05	0.191	SRTSIPGPAQSTMSLDISDE
1	XXXXXXXXXXXXXXXXXXXX	sp|P16150|LEUK_HUMAN	182	201	+	11.0824	6.14e-05	0.192	TSGPPVTMATDSLETSTGTT
1	XXXXXXXXXXXXXXXXXXXX	sp|P22223|CADH3_HUMAN	55	74	+	11.0588	6.25e-05	0.195	FMGCPGQEPALFSTDNDDFT
1	XXXXXXXXXXXXXXXXXXXX	sp|Q9H1U4|MEGF9_HUMAN	154	173	+	11.0353	6.36e-05	0.198	PAPTTPVATTVPAPTTPRTP
1	XXXXXXXXXXXXXXXXXXXX	sp|Q12866|MERTK_HUMAN	68	87	+	11.0235	6.42e-05	0.198	TQPGRPHTGNVAIPQVTSVE
1	XXXXXXXXXXXXXXXXXXXX	sp|Q9HCK4|ROBO2_HUMAN	300	319	+	11.0235	6.42e-05	0.198	GKMEASATLTVRAPPQFVVR
1	XXXXXXXXXXXXXXXXXXXX	sp|P60852|ZP1_HUMAN	180	199	+	11.0118	6.47e-05	0.199	PSPLDPGHSSVHPTPALPSP
1	XXXXXXXXXXXXXXXXXXXX	sp|Q6UY09|CEA20_HUMAN	494	513	+	10.9882	6.59e-05	0.199	PKEEHPTEPSSESLSPEYRN
1	XXXXXXXXXXXXXXXXXXXX	sp|Q8WXI7|MUC16_HUMAN	2252	2271	+	10.9882	6.59e-05	0.199	FSPSPDTEVTTISHFPEKTT
1	XXXXXXXXXXXXXXXXXXXX	sp|A6NLU5|VTM2B_HUMAN	152	171	+	10.9765	6.65e-05	0.199	FAPPNMQAAEAVSHIQSSGP
1	XXXXXXXXXXXXXXXXXXXX	sp|Q13586|STIM1_HUMAN	386	405	+	10.9647	6.71e-05	0.199	KRNTLFGTFHVAHSSSLDDV
1	XXXXXXXXXXXXXXXXXXXX	sp|Q8TDY8|IGDC4_HUMAN	636	655	+	10.9647	6.71e-05	0.199	LKVQAKMESLVVSWQPPPHP
1	XXXXXXXXXXXXXXXXXXXX	sp|Q96JQ0|PCD16_HUMAN	1282	1301	+	10.9647	6.71e-05	0.199	AERPHYVLTLSAHDQGSPPR
1	XXXXXXXXXXXXXXXXXXXX	sp|Q9BX59|TPSNR_HUMAN	53	72	+	10.9529	6.77e-05	0.199	SSEDRARASLVLKQVPVLDD
1	XXXXXXXXXXXXXXXXXXXX	sp|Q9NRJ7|PCDBG_HUMAN	667	686	+	10.9412	6.83e-05	0.199	SQPFLPLPEAAPGQTQANSL
1	XXXXXXXXXXXXXXXXXXXX	sp|Q8WXI7|MUC16_HUMAN	5883	5902	+	10.9412	6.83e-05	0.199	TASWEGTHSPVTQRFPHSEE
1	XXXXXXXXXXXXXXXXXXXX	sp|Q8WY21|SORC1_HUMAN	36	55	+	10.9294	6.89e-05	0.199	SCCPSPHPSSAPRSASTPRG
1	XXXXXXXXXXXXXXXXXXXX	sp|Q7Z4F1|LRP10_HUMAN	672	691	+	10.9294	6.89e-05	0.199	TRSPPGPHTAVLALEDEDDV
1	XXXXXXXXXXXXXXXXXXXX	sp|Q9BZA7|PC11X_HUMAN	1257	1276	+	10.9294	6.89e-05	0.199	HSSPLPQVIALHRSQAQSSV
1	XXXXXXXXXXXXXXXXXXXX	sp|Q15262|PTPRK_HUMAN	1289	1308	+	10.9294	6.89e-05	0.199	EGMLRYGPIQVECMSCSMDC
1	XXXXXXXXXXXXXXXXXXXX	sp|Q8N743|KI3L3_HUMAN	28	47	+	10.9176	6.95e-05	0.199	KPFLSAWPGTVVSEGQHVTL
1	XXXXXXXXXXXXXXXXXXXX	sp|A6H8M9|CDHR4_HUMAN	747	766	+	10.9176	6.95e-05	0.199	PKMEMSQAPSSVMSLHFDGR
1	XXXXXXXXXXXXXXXXXXXX	sp|Q7Z5N4|SDK1_HUMAN	1634	1653	+	10.9176	6.95e-05	0.199	LKNPIALHAELTAQSSFKTV
1	XXXXXXXXXXXXXXXXXXXX	sp|Q6V0I7|FAT4_HUMAN	4803	4822	+	10.9176	6.95e-05	0.199	PSICSADHGRSSSEEDCRRP
1	XXXXXXXXXXXXXXXXXXXX	sp|Q92896|GSLG1_HUMAN	62	81	+	10.8941	7.07e-05	0.2	QLPQLPQSSQLQQQQQQQQQ
1	XXXXXXXXXXXXXXXXXXXX	sp|O43567|RNF13_HUMAN	278	297	+	10.8941	7.07e-05	0.2	CPVCKQKVVPSQGDSDSDTD
1	XXXXXXXXXXXXXXXXXXXX	sp|Q96GP6|SREC2_HUMAN	559	578	+	10.8941	7.07e-05	0.2	DEGPVYCVPHEEAPAESRDP
1	XXXXXXXXXXXXXXXXXXXX	sp|P49771|FLT3L_HUMAN	210	229	+	10.8824	7.13e-05	0.2	TRRRTPRPGEQVPPVPSPQD
1	XXXXXXXXXXXXXXXXXXXX	sp|Q7Z3S7|CA2D4_HUMAN	14	33	+	10.8706	7.2e-05	0.2	PRPTMPATPNFLANPSSSSR
1	XXXXXXXXXXXXXXXXXXXX	sp|P01876|IGHA1_HUMAN	99	118	+	10.8706	7.2e-05	0.2	VPCPVPSTPPTPSPSTPPTP
1	XXXXXXXXXXXXXXXXXXXX	sp|Q9Y336|SIGL9_HUMAN	190	209	+	10.8706	7.2e-05	0.2	PSTTRSSVLTLIPQPQDHGT
1	XXXXXXXXXXXXXXXXXXXX	sp|Q99665|I12R2_HUMAN	820	839	+	10.8706	7.2e-05	0.2	EELEPQHISLSVFPSSSLHP
1	XXXXXXXXXXXXXXXXXXXX	sp|Q9HBE5|IL21R_HUMAN	78	97	+	10.8588	7.26e-05	0.201	TYTCHMDVFHFMADDIFSVN
1	XXXXXXXXXXXXXXXXXXXX	sp|A0A1B0GTW7|CIROP_HUMAN	483	502	+	10.8588	7.26e-05	0.201	CRMYKPLANGSECWKKENGF
1	XXXXXXXXXXXXXXXXXXXX	sp|A8MVW0|F1712_HUMAN	714	733	+	10.8471	7.32e-05	0.202	APPPPPAPPRLALSEDTEPS
1	XXXXXXXXXXXXXXXXXXXX	sp|P23467|PTPRB_HUMAN	781	800	+	10.8235	7.45e-05	0.202	SENECVFVQLVPGRLYSVTV
1	XXXXXXXXXXXXXXXXXXXX	sp|Q7Z5N4|SDK1_HUMAN	31	50	+	10.8118	7.52e-05	0.202	SPPGRARPSLAPRPGPEPSR
1	XXXXXXXXXXXXXXXXXXXX	sp|P01732|CD8A_HUMAN	141	160	+	10.8118	7.52e-05	0.202	PAPRPPTPAPTIASQPLSLR
1	XXXXXXXXXXXXXXXXXXXX	sp|Q96QE4|LR37B_HUMAN	386	405	+	10.8118	7.52e-05	0.202	TTDPPPEHPEVTLPPSDKGQ
1	XXXXXXXXXXXXXXXXXXXX	sp|Q96P31|FCRL3_HUMAN	607	626	+	10.8118	7.52e-05	0.202	SATGTSSHSPSECQEPSSSR
1	XXXXXXXXXXXXXXXXXXXX	sp|P16144|ITB4_HUMAN	1627	1646	+	10.8118	7.52e-05	0.202	PLCPLPGSAFTLSTPSAPGP
1	XXXXXXXXXXXXXXXXXXXX	sp|P36888|FLT3_HUMAN	71	90	+	10.8	7.58e-05	0.202	SSGTVYEAAAVEVDVSASIT
1	XXXXXXXXXXXXXXXXXXXX	sp|Q8TDW7|FAT3_HUMAN	4402	4421	+	10.8	7.58e-05	0.202	DSEYPPPHEEEFLSQDQLPP
1	XXXXXXXXXXXXXXXXXXXX	sp|Q6UWL2|SUSD1_HUMAN	162	181	+	10.7882	7.65e-05	0.202	PEPFHPTTDATSCTEIDCGT
1	XXXXXXXXXXXXXXXXXXXX	sp|Q9UN66|PCDB8_HUMAN	668	687	+	10.7765	7.72e-05	0.202	SQPYLPLPEAAPAQGQADSL
1	XXXXXXXXXXXXXXXXXXXX	sp|Q9BZA8|PC11Y_HUMAN	1162	1181	+	10.7765	7.72e-05	0.202	SALCHSPPLSQASTQHHSPP
1	XXXXXXXXXXXXXXXXXXXX	sp|Q8WXI7|MUC16_HUMAN	9873	9892	+	10.7765	7.72e-05	0.202	FSLTPGFRETSTSEETTSIT
1	XXXXXXXXXXXXXXXXXXXX	sp|Q5T1S8|NCMAP_HUMAN	80	99	+	10.7647	7.78e-05	0.202	NSNGSQHPATVTFSPVDVQV
1	XXXXXXXXXXXXXXXXXXXX	sp|Q86V40|TIKI1_HUMAN	392	411	+	10.7647	7.78e-05	0.202	VSSGHSTLPPLVSRPGSADT
1	XXXXXXXXXXXXXXXXXXXX	sp|Q9UJ99|CAD22_HUMAN	762	781	+	10.7647	7.78e-05	0.202	LSVPPYDAFQTYAFEGADSP
1	XXXXXXXXXXXXXXXXXXXX	sp|O43157|PLXB1_HUMAN	76	95	+	10.7529	7.85e-05	0.202	SRDCLPPVMPDECPQAQPTN
1	XXXXXXXXXXXXXXXXXXXX	sp|Q92545|TM131_HUMAN	120	139	+	10.7412	7.92e-05	0.202	QPVGMPKMEKVYLHNPSSEE
1	XXXXXXXXXXXXXXXXXXXX	sp|Q9ULK6|RN150_HUMAN	371	390	+	10.7412	7.92e-05	0.202	PAVRTVGALQVVQDTDPIPQ
1	XXXXXXXXXXXXXXXXXXXX	sp|Q86VR7|VS10L_HUMAN	179	198	+	10.7294	7.99e-05	0.202	SKFSAETHSAASFPQQVGGP
1	XXXXXXXXXXXXXXXXXXXX	sp|B8ZZ34|SHSA8_HUMAN	277	296	+	10.7294	7.99e-05	0.202	FCQRFPALEPSPRQPPARAP
1	XXXXXXXXXXXXXXXXXXXX	sp|Q8N149|LIRA2_HUMAN	362	381	+	10.7294	7.99e-05	0.202	HPPLHLRSEHQAQQNQAEFR
1	XXXXXXXXXXXXXXXXXXXX	sp|Q9ULI3|HEG1_HUMAN	960	979	+	10.7294	7.99e-05	0.202	DLAPKSATFAVQSSTQSPTT
1	XXXXXXXXXXXXXXXXXXXX	sp|Q8WXI7|MUC16_HUMAN	12196	12215	+	10.7294	7.99e-05	0.202	SMPTTSTPGTSTVDVGTSGT
1	XXXXXXXXXXXXXXXXXXXX	sp|O75581|LRP6_HUMAN	1224	1243	+	10.7176	8.06e-05	0.202	GTTRCSCPMHLVLLQDELSC
1	XXXXXXXXXXXXXXXXXXXX	sp|Q01974|ROR2_HUMAN	337	356	+	10.6941	8.2e-05	0.202	CQPWALQHPHSHHLSSTDFP
1	XXXXXXXXXXXXXXXXXXXX	sp|Q9Y5E3|PCDB6_HUMAN	665	684	+	10.6941	8.2e-05	0.202	SQPYLPLPEAAPAQAQADSL
1	XXXXXXXXXXXXXXXXXXXX	sp|Q9Y5E5|PCDB4_HUMAN	666	685	+	10.6941	8.2e-05	0.202	SQPYLPLPEAAPAQAQADSL
1	XXXXXXXXXXXXXXXXXXXX	sp|Q9Y5E4|PCDB5_HUMAN	666	685	+	10.6941	8.2e-05	0.202	SQPYLPLPEAAPAQAQADSL
1	XXXXXXXXXXXXXXXXXXXX	sp|Q9Y5F2|PCDBB_HUMAN	667	686	+	10.6941	8.2e-05	0.202	SQPYLPLPEAAPAQAQADSL
1	XXXXXXXXXXXXXXXXXXXX	sp|Q9Y5E8|PCDBF_HUMAN	667	686	+	10.6941	8.2e-05	0.202	SQPYLPLPEAAPAQAQADSL
1	XXXXXXXXXXXXXXXXXXXX	sp|Q9Y5F1|PCDBC_HUMAN	667	686	+	10.6941	8.2e-05	0.202	SQPYLPLPEAAPAQAQADSL
1	XXXXXXXXXXXXXXXXXXXX	sp|Q9Y5E9|PCDBE_HUMAN	667	686	+	10.6941	8.2e-05	0.202	SQPYLPLPEAAPAQAQADSL
1	XXXXXXXXXXXXXXXXXXXX	sp|Q9UKN1|MUC12_HUMAN	783	802	+	10.6824	8.27e-05	0.203	SKDTRPAPPTTTSAFVEPST
1	XXXXXXXXXXXXXXXXXXXX	sp|O75445|USH2A_HUMAN	4444	4463	+	10.6824	8.27e-05	0.203	PENMDSPTLQVTGSESIEIT
1	XXXXXXXXXXXXXXXXXXXX	sp|Q96MS0|ROBO3_HUMAN	187	206	+	10.6706	8.34e-05	0.203	CVPPRGHPEPSVSWRKDGAR
1	XXXXXXXXXXXXXXXXXXXX	sp|P21860|ERBB3_HUMAN	535	554	+	10.6706	8.34e-05	0.203	FLNGEPREFAHEAECFSCHP
1	XXXXXXXXXXXXXXXXXXXX	sp|O94991|SLIK5_HUMAN	794	813	+	10.6588	8.41e-05	0.203	QQQQPPPPPQQPQQQPPPQL
1	XXXXXXXXXXXXXXXXXXXX	sp|O43157|PLXB1_HUMAN	1205	1224	+	10.6588	8.41e-05	0.203	HLLPEQQSEQLRCETSPRPT
1	XXXXXXXXXXXXXXXXXXXX	sp|Q13444|ADA15_HUMAN	294	313	+	10.6235	8.63e-05	0.207	PRLPHDSAQLVTGTSFSGPT
1	XXXXXXXXXXXXXXXXXXXX	sp|Q8WXI7|MUC16_HUMAN	5342	5361	+	10.6235	8.63e-05	0.207	PAMTSPSPVSSTSPQSIPSS
1	XXXXXXXXXXXXXXXXXXXX	sp|Q8WXI7|MUC16_HUMAN	7867	7886	+	10.6235	8.63e-05	0.207	DVTSIPGPAQSTISPDISTR
1	XXXXXXXXXXXXXXXXXXXX	sp|P20333|TNR1B_HUMAN	244	263	+	10.6118	8.71e-05	0.207	PMGPSPPAEGSTGDFALPVG
1	XXXXXXXXXXXXXXXXXXXX	sp|Q9UM47|NOTC3_HUMAN	492	511	+	10.6118	8.71e-05	0.207	SCTCPSGFSGSTCQLDVDEC
1	XXXXXXXXXXXXXXXXXXXX	sp|Q9BWV1|BOC_HUMAN	817	836	+	10.6118	8.71e-05	0.207	QPGRLPPPTLAPPQPPLPET
1	XXXXXXXXXXXXXXXXXXXX	sp|Q8TD84|DSCL1_HUMAN	1977	1996	+	10.6	8.78e-05	0.208	PAPPAGTAPPAPGPTPAEPP
1	XXXXXXXXXXXXXXXXXXXX	sp|Q5JZY3|EPHAA_HUMAN	916	935	+	10.5882	8.86e-05	0.209	TCPRPPTPLADRAFSTFPSF
1	XXXXXXXXXXXXXXXXXXXX	sp|Q9HCM2|PLXA4_HUMAN	1092	1111	+	10.5765	8.94e-05	0.209	TEMTCQAPALALGPDHQSDL
1	XXXXXXXXXXXXXXXXXXXX	sp|P40967|PMEL_HUMAN	326	345	+	10.5647	9.01e-05	0.209	QVPTTEVVGTTPGQAPTAEP
1	XXXXXXXXXXXXXXXXXXXX	sp|Q6UY09|CEA20_HUMAN	478	497	+	10.5647	9.01e-05	0.209	SRKTTEDPSHETSQPIPKEE
1	XXXXXXXXXXXXXXXXXXXX	sp|Q9UM47|NOTC3_HUMAN	1292	1311	+	10.5647	9.01e-05	0.209	SCRELQCPVGVPCQQTPRGP
1	XXXXXXXXXXXXXXXXXXXX	sp|Q5SZK8|FREM2_HUMAN	2298	2317	+	10.5647	9.01e-05	0.209	TSGEDYHPVSEEIEFKEGET
1	XXXXXXXXXXXXXXXXXXXX	sp|Q3SXY7|LRIT3_HUMAN	388	407	+	10.5529	9.09e-05	0.21	SSSFSPTSSFSASTLSPPST
1	XXXXXXXXXXXXXXXXXXXX	sp|I3L273|GFY_HUMAN	230	249	+	10.5412	9.17e-05	0.21	LQALHPDPSKTPHPESHVTH
1	XXXXXXXXXXXXXXXXXXXX	sp|Q13586|STIM1_HUMAN	604	623	+	10.5412	9.17e-05	0.21	PPGGSPHLDSSRSHSPSSPD
1	XXXXXXXXXXXXXXXXXXXX	sp|Q8TEM1|PO210_HUMAN	731	750	+	10.5412	9.17e-05	0.21	TNPFPAVEPAVVKFVCAPPS
1	XXXXXXXXXXXXXXXXXXXX	sp|Q9UM47|NOTC3_HUMAN	2217	2236	+	10.5294	9.25e-05	0.211	HGEEYPAAGAHSSPPKARFL
1	XXXXXXXXXXXXXXXXXXXX	sp|P06213|INSR_HUMAN	994	1013	+	10.5176	9.32e-05	0.211	SSNPEYLSASDVFPCSVYVP
1	XXXXXXXXXXXXXXXXXXXX	sp|Q9BZA7|PC11X_HUMAN	1169	1188	+	10.5176	9.32e-05	0.211	SALCHSPPLSQASTQHHSPR
1	XXXXXXXXXXXXXXXXXXXX	sp|P26842|CD27_HUMAN	59	78	+	10.5059	9.4e-05	0.211	AAQCDPCIPGVSFSPDHHTR
1	XXXXXXXXXXXXXXXXXXXX	sp|Q5VUB5|F1711_HUMAN	618	637	+	10.5059	9.4e-05	0.211	LSNPHAGIFPHPSSQIQPQP
1	XXXXXXXXXXXXXXXXXXXX	sp|O75074|LRP3_HUMAN	723	742	+	10.5059	9.4e-05	0.211	AQDPHPQVSTASSTLGPHSP
1	XXXXXXXXXXXXXXXXXXXX	sp|Q8WXI7|MUC16_HUMAN	6801	6820	+	10.5059	9.4e-05	0.211	FSSSLMPSPAMTSPPVSSTL
1	XXXXXXXXXXXXXXXXXXXX	sp|Q9Y286|SIGL7_HUMAN	194	213	+	10.4941	9.48e-05	0.211	PSTTRSSVLTLIPQPQHHGT
1	XXXXXXXXXXXXXXXXXXXX	sp|Q16620|NTRK2_HUMAN	593	612	+	10.4941	9.48e-05	0.211	TNLQHEHIVKFYGVCVEGDP
1	XXXXXXXXXXXXXXXXXXXX	sp|P20333|TNR1B_HUMAN	55	74	+	10.4824	9.57e-05	0.211	SKCSPGQHAKVFCTKTSDTV
1	XXXXXXXXXXXXXXXXXXXX	sp|O75056|SDC3_HUMAN	254	273	+	10.4824	9.57e-05	0.211	SRPRALPRPATTQEPDIPER
1	XXXXXXXXXXXXXXXXXXXX	sp|Q96LC7|SIG10_HUMAN	618	637	+	10.4824	9.57e-05	0.211	NSPRTPLPPGAPSPESKKNQ
1	XXXXXXXXXXXXXXXXXXXX	sp|Q9ULT6|ZNRF3_HUMAN	890	909	+	10.4824	9.57e-05	0.211	PGCPPEEAGAVRANFPSALQ
1	XXXXXXXXXXXXXXXXXXXX	sp|Q9UKF5|ADA29_HUMAN	776	795	+	10.4706	9.65e-05	0.212	QSQPPVMPSQSHPQLTPSQS
1	XXXXXXXXXXXXXXXXXXXX	sp|Q6V0I7|FAT4_HUMAN	4688	4707	+	10.4588	9.73e-05	0.213	SHSACPTPNPLSRHSPAPFS
1	XXXXXXXXXXXXXXXXXXXX	sp|Q6ZU64|CFA65_HUMAN	1689	1708	+	10.4471	9.81e-05	0.214	DKNFHEAVDQSLVEQVPYFR
1	XXXXXXXXXXXXXXXXXXXX	sp|Q8NC54|KCT2_HUMAN	61	80	+	10.4353	9.9e-05	0.214	SHISTPNVNALTHENQTKPS
1	XXXXXXXXXXXXXXXXXXXX	sp|Q5VWK5|IL23R_HUMAN	312	331	+	10.4353	9.9e-05	0.214	FHKTPETVPQVTSKAFQHDT
1	XXXXXXXXXXXXXXXXXXXX	sp|Q9P246|STIM2_HUMAN	522	541	+	10.4353	9.9e-05	0.214	SSPQPQRAQLAPHAPHPSHP
1	XXXXXXXXXXXXXXXXXXXX	sp|Q6V0I7|FAT4_HUMAN	4447	4466	+	10.4353	9.9e-05	0.214	SGFTCSCPDSHTGRTCEMVV
1	XXXXXXXXXXXXXXXXXXXX	sp|Q6UXG8|BTNL9_HUMAN	75	94	+	10.4235	9.98e-05	0.215	FRSQTFNVVHLYQEQQELPG