Entry	Entry Name	Gene Names	Organism
A0A0K2S4Q6	CD3CH_HUMAN	CD300H	Homo sapiens (Human)
A0A1B0GTW7	CIROP_HUMAN	CIROP LMLN2	Homo sapiens (Human)
A2VDJ0	T131L_HUMAN	TMEM131L KIAA0922	Homo sapiens (Human)
A6BM72	MEG11_HUMAN	MEGF11 KIAA1781 UNQ1949/PRO4432	Homo sapiens (Human)
A6NFA1	TIKI2_HUMAN	TRABD2B HKAT TIKI2	Homo sapiens (Human)
A6NI73	LIRA5_HUMAN	LILRA5 ILT11 LILRB7 LIR9	Homo sapiens (Human)
A8K4G0	CLM7_HUMAN	CD300LB CD300B CLM7 CMRF35A2 IREM3 LMIR5 TREM5 UNQ2530/PRO6029	Homo sapiens (Human)
A8MVW5	HECA2_HUMAN	HEPACAM2 MIKI UNQ305/PRO346	Homo sapiens (Human)
B6A8C7	TARM1_HUMAN	TARM1	Homo sapiens (Human)
O00168	PLM_HUMAN	FXYD1 PLM	Homo sapiens (Human)
O00206	TLR4_HUMAN	TLR4	Homo sapiens (Human)
O00220	TR10A_HUMAN	TNFRSF10A APO2 DR4 TRAILR1	Homo sapiens (Human)
O00238	BMR1B_HUMAN	BMPR1B	Homo sapiens (Human)
O00241	SIRB1_HUMAN	SIRPB1	Homo sapiens (Human)
O00478	BT3A3_HUMAN	BTN3A3 BTF3	Homo sapiens (Human)
O00481	BT3A1_HUMAN	BTN3A1 BTF5	Homo sapiens (Human)
O00526	UPK2_HUMAN	UPK2	Homo sapiens (Human)
O00533	NCHL1_HUMAN	CHL1 CALL	Homo sapiens (Human)
O00548	DLL1_HUMAN	DLL1 UNQ146/PRO172	Homo sapiens (Human)
O00592	PODXL_HUMAN	PODXL PCLP PCLP1	Homo sapiens (Human)
O14511	NRG2_HUMAN	NRG2 NTAK	Homo sapiens (Human)
O14522	PTPRT_HUMAN	PTPRT KIAA0283	Homo sapiens (Human)
O14669	TMG2_HUMAN	PRRG2 PRGP2 TMG2	Homo sapiens (Human)
O14672	ADA10_HUMAN	ADAM10 KUZ MADM	Homo sapiens (Human)
O14763	TR10B_HUMAN	TNFRSF10B DR5 KILLER TRAILR2 TRICK2 ZTNFR9 UNQ160/PRO186	Homo sapiens (Human)
O14786	NRP1_HUMAN	NRP1 NRP VEGF165R	Homo sapiens (Human)
O14917	PCD17_HUMAN	PCDH17 PCDH68 PCH68	Homo sapiens (Human)
O14931	NCTR3_HUMAN	NCR3 1C7 LY117	Homo sapiens (Human)
O14944	EREG_HUMAN	EREG	Homo sapiens (Human)
O14967	CLGN_HUMAN	CLGN	Homo sapiens (Human)
O15031	PLXB2_HUMAN	PLXNB2 KIAA0315	Homo sapiens (Human)
O15146	MUSK_HUMAN	MUSK	Homo sapiens (Human)
O15197	EPHB6_HUMAN	EPHB6	Homo sapiens (Human)
O15389	SIGL5_HUMAN	SIGLEC5 CD33L2 OBBP2	Homo sapiens (Human)
O15394	NCAM2_HUMAN	NCAM2 NCAM21	Homo sapiens (Human)
O15455	TLR3_HUMAN	TLR3	Homo sapiens (Human)
O15533	TPSN_HUMAN	TAPBP NGS17 TAPA	Homo sapiens (Human)
O42043	ENK18_HUMAN	ERVK-18	Homo sapiens (Human)
O43157	PLXB1_HUMAN	PLXNB1 KIAA0407 PLXN5 SEP	Homo sapiens (Human)
O43184	ADA12_HUMAN	ADAM12 MLTN UNQ346/PRO545	Homo sapiens (Human)
O43291	SPIT2_HUMAN	SPINT2 HAI2 KOP	Homo sapiens (Human)
O43300	LRRT2_HUMAN	LRRTM2 KIAA0416 LRRN2	Homo sapiens (Human)
O43493	TGON2_HUMAN	TGOLN2 TGN46 TGN51	Homo sapiens (Human)
O43506	ADA20_HUMAN	ADAM20	Homo sapiens (Human)
O43567	RNF13_HUMAN	RNF13 RZF	Homo sapiens (Human)
O43570	CAH12_HUMAN	CA12	Homo sapiens (Human)
O43699	SIGL6_HUMAN	SIGLEC6 CD33L CD33L1 OBBP1	Homo sapiens (Human)
O43914	TYOBP_HUMAN	TYROBP DAP12 KARAP	Homo sapiens (Human)
O60449	LY75_HUMAN	LY75 CD205 CLEC13B	Homo sapiens (Human)
O60462	NRP2_HUMAN	NRP2 VEGF165R2	Homo sapiens (Human)
O60469	DSCAM_HUMAN	DSCAM	Homo sapiens (Human)
O60486	PLXC1_HUMAN	PLXNC1 VESPR	Homo sapiens (Human)
O60487	MPZL2_HUMAN	MPZL2 EVA EVA1 UNQ606/PRO1192	Homo sapiens (Human)
O60500	NPHN_HUMAN	NPHS1 NPHN	Homo sapiens (Human)
O60602	TLR5_HUMAN	TLR5 TIL3	Homo sapiens (Human)
O60603	TLR2_HUMAN	TLR2 TIL4	Homo sapiens (Human)
O60894	RAMP1_HUMAN	RAMP1	Homo sapiens (Human)
O60895	RAMP2_HUMAN	RAMP2	Homo sapiens (Human)
O60896	RAMP3_HUMAN	RAMP3	Homo sapiens (Human)
O60939	SCN2B_HUMAN	SCN2B UNQ326/PRO386	Homo sapiens (Human)
O75019	LIRA1_HUMAN	LILRA1 LIR6	Homo sapiens (Human)
O75022	LIRB3_HUMAN	LILRB3 ILT5 LIR3	Homo sapiens (Human)
O75023	LIRB5_HUMAN	LILRB5 LIR8	Homo sapiens (Human)
O75051	PLXA2_HUMAN	PLXNA2 KIAA0463 OCT PLXN2 UNQ209/PRO235	Homo sapiens (Human)
O75054	IGSF3_HUMAN	IGSF3 EWI3 KIAA0466	Homo sapiens (Human)
O75056	SDC3_HUMAN	SDC3 KIAA0468	Homo sapiens (Human)
O75074	LRP3_HUMAN	LRP3	Homo sapiens (Human)
O75077	ADA23_HUMAN	ADAM23 MDC3	Homo sapiens (Human)
O75078	ADA11_HUMAN	ADAM11 MDC	Homo sapiens (Human)
O75096	LRP4_HUMAN	LRP4 KIAA0816 LRP10 MEGF7	Homo sapiens (Human)
O75121	MFA3L_HUMAN	MFAP3L KIAA0626 HSD-39 HSD39	Homo sapiens (Human)
O75144	ICOSL_HUMAN	ICOSLG B7H2 B7RP1 ICOSL KIAA0653	Homo sapiens (Human)
O75197	LRP5_HUMAN	LRP5 LR3 LRP7	Homo sapiens (Human)
O75309	CAD16_HUMAN	CDH16 UNQ695/PRO1340	Homo sapiens (Human)
O75445	USH2A_HUMAN	USH2A	Homo sapiens (Human)
O75460	ERN1_HUMAN	ERN1 IRE1	Homo sapiens (Human)
O75509	TNR21_HUMAN	TNFRSF21 DR6 UNQ437/PRO868	Homo sapiens (Human)
O75578	ITA10_HUMAN	ITGA10 UNQ468/PRO827	Homo sapiens (Human)
O75581	LRP6_HUMAN	LRP6	Homo sapiens (Human)
O75631	UPK3A_HUMAN	UPK3A UPK3	Homo sapiens (Human)
O75787	RENR_HUMAN	ATP6AP2 ATP6IP2 CAPER ELDF10 HT028 MSTP009 PSEC0072	Homo sapiens (Human)
O75871	CEAM4_HUMAN	CEACAM4 CGM7	Homo sapiens (Human)
O75882	ATRN_HUMAN	ATRN KIAA0548 MGCA	Homo sapiens (Human)
O75976	CBPD_HUMAN	CPD	Homo sapiens (Human)
O76036	NCTR1_HUMAN	NCR1 LY94	Homo sapiens (Human)
O76095	JTB_HUMAN	JTB HSPC222	Homo sapiens (Human)
O94856	NFASC_HUMAN	NFASC KIAA0756	Homo sapiens (Human)
O94898	LRIG2_HUMAN	LRIG2 KIAA0806 LIG2	Homo sapiens (Human)
O94933	SLIK3_HUMAN	SLITRK3 KIAA0848	Homo sapiens (Human)
O94985	CSTN1_HUMAN	CLSTN1 CS1 KIAA0911	Homo sapiens (Human)
O94991	SLIK5_HUMAN	SLITRK5 KIAA0918 LRRC11	Homo sapiens (Human)
O95185	UNC5C_HUMAN	UNC5C UNC5H3	Homo sapiens (Human)
O95196	CSPG5_HUMAN	CSPG5 CALEB NGC	Homo sapiens (Human)
O95206	PCDH8_HUMAN	PCDH8	Homo sapiens (Human)
O95256	I18RA_HUMAN	IL18RAP IL1R7	Homo sapiens (Human)
O95297	MPZL1_HUMAN	MPZL1 PZR UNQ849/PRO1787	Homo sapiens (Human)
O95727	CRTAM_HUMAN	CRTAM	Homo sapiens (Human)
O95754	SEM4F_HUMAN	SEMA4F SEMAM SEMAW	Homo sapiens (Human)
O95866	G6B_HUMAN	MPIG6B C6orf25 G6B G6B-B	Homo sapiens (Human)
O95944	NCTR2_HUMAN	NCR2 LY95	Homo sapiens (Human)
P00533	EGFR_HUMAN	EGFR ERBB ERBB1 HER1	Homo sapiens (Human)
P01130	LDLR_HUMAN	LDLR	Homo sapiens (Human)
P01133	EGF_HUMAN	EGF	Homo sapiens (Human)
P01135	TGFA_HUMAN	TGFA	Homo sapiens (Human)
P01589	IL2RA_HUMAN	IL2RA	Homo sapiens (Human)
P01730	CD4_HUMAN	CD4	Homo sapiens (Human)
P01732	CD8A_HUMAN	CD8A MAL	Homo sapiens (Human)
P01833	PIGR_HUMAN	PIGR	Homo sapiens (Human)
P01854	IGHE_HUMAN	IGHE	Homo sapiens (Human)
P01876	IGHA1_HUMAN	IGHA1	Homo sapiens (Human)
P01877	IGHA2_HUMAN	IGHA2	Homo sapiens (Human)
P01880	IGHD_HUMAN	IGHD	Homo sapiens (Human)
P01889	HLAB_HUMAN	HLA-B HLAB	Homo sapiens (Human)
P01903	DRA_HUMAN	HLA-DRA HLA-DRA1	Homo sapiens (Human)
P01906	DQA2_HUMAN	HLA-DQA2 HLA-DXA	Homo sapiens (Human)
P01909	DQA1_HUMAN	HLA-DQA1	Homo sapiens (Human)
P01911	DRB1_HUMAN	HLA-DRB1	Homo sapiens (Human)
P01920	DQB1_HUMAN	HLA-DQB1 HLA-DQB	Homo sapiens (Human)
P02724	GLPA_HUMAN	GYPA GPA MNS	Homo sapiens (Human)
P03372	ESR1_HUMAN	ESR1 ESR NR3A1	Homo sapiens (Human)
P04234	CD3D_HUMAN	CD3D T3D	Homo sapiens (Human)
P04439	HLAA_HUMAN	HLA-A HLAA	Homo sapiens (Human)
P04440	DPB1_HUMAN	HLA-DPB1 HLA-DP1B	Homo sapiens (Human)
P04626	ERBB2_HUMAN	ERBB2 HER2 MLN19 NEU NGL	Homo sapiens (Human)
P04629	NTRK1_HUMAN	NTRK1 MTC TRK TRKA	Homo sapiens (Human)
P04843	RPN1_HUMAN	RPN1	Homo sapiens (Human)
P05067	A4_HUMAN	APP A4 AD1	Homo sapiens (Human)
P05106	ITB3_HUMAN	ITGB3 GP3A	Homo sapiens (Human)
P05107	ITB2_HUMAN	ITGB2 CD18 MFI7	Homo sapiens (Human)
P05362	ICAM1_HUMAN	ICAM1	Homo sapiens (Human)
P05538	DQB2_HUMAN	HLA-DQB2 HLA-DXB	Homo sapiens (Human)
P05556	ITB1_HUMAN	ITGB1 FNRB MDF2 MSK12	Homo sapiens (Human)
P06028	GLPB_HUMAN	GYPB GPB	Homo sapiens (Human)
P06126	CD1A_HUMAN	CD1A	Homo sapiens (Human)
P06127	CD5_HUMAN	CD5 LEU1	Homo sapiens (Human)
P06213	INSR_HUMAN	INSR	Homo sapiens (Human)
P06340	DOA_HUMAN	HLA-DOA HLA-DNA HLA-DZA	Homo sapiens (Human)
P06729	CD2_HUMAN	CD2 SRBC	Homo sapiens (Human)
P06756	ITAV_HUMAN	ITGAV MSK8 VNRA VTNR	Homo sapiens (Human)
P07202	PERT_HUMAN	TPO	Homo sapiens (Human)
P07204	TRBM_HUMAN	THBD THRM	Homo sapiens (Human)
P07333	CSF1R_HUMAN	CSF1R FMS	Homo sapiens (Human)
P07359	GP1BA_HUMAN	GP1BA	Homo sapiens (Human)
P07766	CD3E_HUMAN	CD3E T3E	Homo sapiens (Human)
P07949	RET_HUMAN	RET CDHF12 CDHR16 PTC	Homo sapiens (Human)
P08069	IGF1R_HUMAN	IGF1R	Homo sapiens (Human)
P08138	TNR16_HUMAN	NGFR TNFRSF16	Homo sapiens (Human)
P08174	DAF_HUMAN	CD55 CR DAF	Homo sapiens (Human)
P08514	ITA2B_HUMAN	ITGA2B GP2B ITGAB	Homo sapiens (Human)
P08575	PTPRC_HUMAN	PTPRC CD45	Homo sapiens (Human)
P08581	MET_HUMAN	MET	Homo sapiens (Human)
P08637	FCG3A_HUMAN	FCGR3A CD16A FCG3 FCGR3 IGFR3	Homo sapiens (Human)
P08648	ITA5_HUMAN	ITGA5 FNRA	Homo sapiens (Human)
P08887	IL6RA_HUMAN	IL6R	Homo sapiens (Human)
P08922	ROS1_HUMAN	ROS1 MCF3 ROS	Homo sapiens (Human)
P08F94	PKHD1_HUMAN	PKHD1 FCYT TIGM1	Homo sapiens (Human)
P09564	CD7_HUMAN	CD7	Homo sapiens (Human)
P09603	CSF1_HUMAN	CSF1	Homo sapiens (Human)
P09619	PGFRB_HUMAN	PDGFRB PDGFR PDGFR1	Homo sapiens (Human)
P09693	CD3G_HUMAN	CD3G T3G	Homo sapiens (Human)
P09758	TACD2_HUMAN	TACSTD2 GA733-1 M1S1 TROP2	Homo sapiens (Human)
P09848	LPH_HUMAN	LCT LPH	Homo sapiens (Human)
P09958	FURIN_HUMAN	FURIN FUR PACE PCSK3	Homo sapiens (Human)
P0C7U0	ELFN1_HUMAN	ELFN1 PPP1R28	Homo sapiens (Human)
P0DTE4	UD2A1_HUMAN	UGT2A1	Homo sapiens (Human)
P10321	HLAC_HUMAN	HLA-C HLAC	Homo sapiens (Human)
P10586	PTPRF_HUMAN	PTPRF LAR	Homo sapiens (Human)
P10721	KIT_HUMAN	KIT SCFR	Homo sapiens (Human)
P10747	CD28_HUMAN	CD28	Homo sapiens (Human)
P10912	GHR_HUMAN	GHR	Homo sapiens (Human)
P10966	CD8B_HUMAN	CD8B CD8B1	Homo sapiens (Human)
P11215	ITAM_HUMAN	ITGAM CD11B CR3A	Homo sapiens (Human)
P11279	LAMP1_HUMAN	LAMP1	Homo sapiens (Human)
P11362	FGFR1_HUMAN	FGFR1 BFGFR CEK FGFBR FLG FLT2 HBGFR	Homo sapiens (Human)
P11717	MPRI_HUMAN	IGF2R MPRI	Homo sapiens (Human)
P11912	CD79A_HUMAN	CD79A IGA MB1	Homo sapiens (Human)
P12314	FCGR1_HUMAN	FCGR1A FCG1 FCGR1 IGFR1	Homo sapiens (Human)
P12318	FCG2A_HUMAN	FCGR2A CD32 FCG2 FCGR2A1 IGFR2	Homo sapiens (Human)
P12319	FCERA_HUMAN	FCER1A FCE1A	Homo sapiens (Human)
P12821	ACE_HUMAN	ACE DCP DCP1	Homo sapiens (Human)
P12830	CADH1_HUMAN	CDH1 CDHE UVO	Homo sapiens (Human)
P13224	GP1BB_HUMAN	GP1BB	Homo sapiens (Human)
P13473	LAMP2_HUMAN	LAMP2	Homo sapiens (Human)
P13591	NCAM1_HUMAN	NCAM1 NCAM	Homo sapiens (Human)
P13598	ICAM2_HUMAN	ICAM2	Homo sapiens (Human)
P13612	ITA4_HUMAN	ITGA4 CD49D	Homo sapiens (Human)
P13688	CEAM1_HUMAN	CEACAM1 BGP BGP1	Homo sapiens (Human)
P13726	TF_HUMAN	F3	Homo sapiens (Human)
P13747	HLAE_HUMAN	HLA-E HLA-6.2 HLAE	Homo sapiens (Human)
P13762	DRB4_HUMAN	HLA-DRB4	Homo sapiens (Human)
P13765	DOB_HUMAN	HLA-DOB	Homo sapiens (Human)
P14151	LYAM1_HUMAN	SELL LNHR LYAM1	Homo sapiens (Human)
P14209	CD99_HUMAN	CD99 MIC2 MIC2X MIC2Y	Homo sapiens (Human)
P14616	INSRR_HUMAN	INSRR IRR	Homo sapiens (Human)
P14679	TYRO_HUMAN	TYR	Homo sapiens (Human)
P14770	GPIX_HUMAN	GP9	Homo sapiens (Human)
P14778	IL1R1_HUMAN	IL1R1 IL1R IL1RA IL1RT1	Homo sapiens (Human)
P14784	IL2RB_HUMAN	IL2RB IL15RB	Homo sapiens (Human)
P15151	PVR_HUMAN	PVR PVS	Homo sapiens (Human)
P15260	INGR1_HUMAN	IFNGR1	Homo sapiens (Human)
P15309	PPAP_HUMAN	ACP3 ACPP	Homo sapiens (Human)
P15382	KCNE1_HUMAN	KCNE1	Homo sapiens (Human)
P15391	CD19_HUMAN	CD19	Homo sapiens (Human)
P15509	CSF2R_HUMAN	CSF2RA CSF2R CSF2RY	Homo sapiens (Human)
P15529	MCP_HUMAN	CD46 MCP MIC10	Homo sapiens (Human)
P15812	CD1E_HUMAN	CD1E	Homo sapiens (Human)
P15813	CD1D_HUMAN	CD1D	Homo sapiens (Human)
P15941	MUC1_HUMAN	MUC1 PUM	Homo sapiens (Human)
P16066	ANPRA_HUMAN	NPR1 ANPRA	Homo sapiens (Human)
P16070	CD44_HUMAN	CD44 LHR MDU2 MDU3 MIC4	Homo sapiens (Human)
P16109	LYAM3_HUMAN	SELP GMRP GRMP	Homo sapiens (Human)
P16144	ITB4_HUMAN	ITGB4	Homo sapiens (Human)
P16150	LEUK_HUMAN	SPN CD43	Homo sapiens (Human)
P16234	PGFRA_HUMAN	PDGFRA PDGFR2 RHEPDGFRA	Homo sapiens (Human)
P16284	PECA1_HUMAN	PECAM1	Homo sapiens (Human)
P16410	CTLA4_HUMAN	CTLA4 CD152	Homo sapiens (Human)
P16422	EPCAM_HUMAN	EPCAM GA733-2 M1S2 M4S1 MIC18 TACSTD1 TROP1	Homo sapiens (Human)
P16471	PRLR_HUMAN	PRLR	Homo sapiens (Human)
P16581	LYAM2_HUMAN	SELE ELAM1	Homo sapiens (Human)
P16871	IL7RA_HUMAN	IL7R	Homo sapiens (Human)
P17181	INAR1_HUMAN	IFNAR1 IFNAR	Homo sapiens (Human)
P17301	ITA2_HUMAN	ITGA2 CD49B	Homo sapiens (Human)
P17342	ANPRC_HUMAN	NPR3 ANPRC C5orf23 NPRC	Homo sapiens (Human)
P17643	TYRP1_HUMAN	TYRP1 CAS2 TYRP TYRRP	Homo sapiens (Human)
P17693	HLAG_HUMAN	HLA-G HLA-6.0 HLAG	Homo sapiens (Human)
P17813	EGLN_HUMAN	ENG END	Homo sapiens (Human)
P17927	CR1_HUMAN	CR1 C3BR	Homo sapiens (Human)
P17948	VGFR1_HUMAN	FLT1 FLT FRT VEGFR1	Homo sapiens (Human)
P18084	ITB5_HUMAN	ITGB5	Homo sapiens (Human)
P18433	PTPRA_HUMAN	PTPRA PTPA PTPRL2	Homo sapiens (Human)
P18564	ITB6_HUMAN	ITGB6	Homo sapiens (Human)
P18627	LAG3_HUMAN	LAG3 FDC	Homo sapiens (Human)
P18827	SDC1_HUMAN	SDC1 SDC	Homo sapiens (Human)
P19021	AMD_HUMAN	PAM	Homo sapiens (Human)
P19022	CADH2_HUMAN	CDH2 CDHN NCAD	Homo sapiens (Human)
P19235	EPOR_HUMAN	EPOR	Homo sapiens (Human)
P19256	LFA3_HUMAN	CD58 LFA3	Homo sapiens (Human)
P19320	VCAM1_HUMAN	VCAM1	Homo sapiens (Human)
P19438	TNR1A_HUMAN	TNFRSF1A TNFAR TNFR1	Homo sapiens (Human)
P20023	CR2_HUMAN	CR2 C3DR	Homo sapiens (Human)
P20036	DPA1_HUMAN	HLA-DPA1 HLA-DP1A HLASB	Homo sapiens (Human)
P20138	CD33_HUMAN	CD33 SIGLEC3	Homo sapiens (Human)
P20273	CD22_HUMAN	CD22 SIGLEC2	Homo sapiens (Human)
P20333	TNR1B_HUMAN	TNFRSF1B TNFBR TNFR2	Homo sapiens (Human)
P20594	ANPRB_HUMAN	NPR2 ANPRB	Homo sapiens (Human)
P20645	MPRD_HUMAN	M6PR MPR46 MPRD	Homo sapiens (Human)
P20701	ITAL_HUMAN	ITGAL CD11A	Homo sapiens (Human)
P20702	ITAX_HUMAN	ITGAX CD11C	Homo sapiens (Human)
P20916	MAG_HUMAN	MAG GMA	Homo sapiens (Human)
P20963	CD3Z_HUMAN	CD247 CD3Z T3Z TCRZ	Homo sapiens (Human)
P21583	SCF_HUMAN	KITLG MGF SCF	Homo sapiens (Human)
P21709	EPHA1_HUMAN	EPHA1 EPH EPHT EPHT1	Homo sapiens (Human)
P21754	ZP3_HUMAN	ZP3 ZP3A ZP3B ZPC	Homo sapiens (Human)
P21802	FGFR2_HUMAN	FGFR2 BEK KGFR KSAM	Homo sapiens (Human)
P21860	ERBB3_HUMAN	ERBB3 HER3	Homo sapiens (Human)
P22223	CADH3_HUMAN	CDH3 CDHP	Homo sapiens (Human)
P22455	FGFR4_HUMAN	FGFR4 JTK2 TKF	Homo sapiens (Human)
P22607	FGFR3_HUMAN	FGFR3 JTK4	Homo sapiens (Human)
P22794	EVI2A_HUMAN	EVI2A EVDA EVI2	Homo sapiens (Human)
P22897	MRC1_HUMAN	MRC1 CLEC13D CLEC13DL MRC1L1	Homo sapiens (Human)
P23229	ITA6_HUMAN	ITGA6	Homo sapiens (Human)
P23467	PTPRB_HUMAN	PTPRB PTPB	Homo sapiens (Human)
P23468	PTPRD_HUMAN	PTPRD	Homo sapiens (Human)
P23469	PTPRE_HUMAN	PTPRE	Homo sapiens (Human)
P23470	PTPRG_HUMAN	PTPRG PTPG	Homo sapiens (Human)
P23471	PTPRZ_HUMAN	PTPRZ1 HTPZP2 PTPRZ PTPRZ2 PTPZ	Homo sapiens (Human)
P24071	FCAR_HUMAN	FCAR CD89	Homo sapiens (Human)
P24394	IL4RA_HUMAN	IL4R IL4RA 582J2.1	Homo sapiens (Human)
P25092	GUC2C_HUMAN	GUCY2C GUC2C STAR	Homo sapiens (Human)
P25189	MYP0_HUMAN	MPZ	Homo sapiens (Human)
P25445	TNR6_HUMAN	FAS APT1 FAS1 TNFRSF6	Homo sapiens (Human)
P25942	TNR5_HUMAN	CD40 TNFRSF5	Homo sapiens (Human)
P26006	ITA3_HUMAN	ITGA3 MSK18	Homo sapiens (Human)
P26010	ITB7_HUMAN	ITGB7	Homo sapiens (Human)
P26012	ITB8_HUMAN	ITGB8	Homo sapiens (Human)
P26842	CD27_HUMAN	CD27 TNFRSF7	Homo sapiens (Human)
P26951	IL3RA_HUMAN	IL3RA IL3R	Homo sapiens (Human)
P27037	AVR2A_HUMAN	ACVR2A ACVR2	Homo sapiens (Human)
P27824	CALX_HUMAN	CANX	Homo sapiens (Human)
P27930	IL1R2_HUMAN	IL1R2 IL1RB	Homo sapiens (Human)
P28067	DMA_HUMAN	HLA-DMA DMA RING6	Homo sapiens (Human)
P28068	DMB_HUMAN	HLA-DMB DMB RING7	Homo sapiens (Human)
P28827	PTPRM_HUMAN	PTPRM PTPRL1	Homo sapiens (Human)
P28906	CD34_HUMAN	CD34	Homo sapiens (Human)
P28908	TNR8_HUMAN	TNFRSF8 CD30 D1S166E	Homo sapiens (Human)
P29016	CD1B_HUMAN	CD1B	Homo sapiens (Human)
P29017	CD1C_HUMAN	CD1C	Homo sapiens (Human)
P29317	EPHA2_HUMAN	EPHA2 ECK	Homo sapiens (Human)
P29320	EPHA3_HUMAN	EPHA3 ETK ETK1 HEK TYRO4	Homo sapiens (Human)
P29322	EPHA8_HUMAN	EPHA8 EEK HEK3 KIAA1459	Homo sapiens (Human)
P29323	EPHB2_HUMAN	EPHB2 DRT EPHT3 EPTH3 ERK HEK5 TYRO5	Homo sapiens (Human)
P29376	LTK_HUMAN	LTK TYK1	Homo sapiens (Human)
P30203	CD6_HUMAN	CD6	Homo sapiens (Human)
P30273	FCERG_HUMAN	FCER1G	Homo sapiens (Human)
P30511	HLAF_HUMAN	HLA-F HLA-5.4 HLAF	Homo sapiens (Human)
P30530	UFO_HUMAN	AXL UFO	Homo sapiens (Human)
P31431	SDC4_HUMAN	SDC4	Homo sapiens (Human)
P31785	IL2RG_HUMAN	IL2RG	Homo sapiens (Human)
P31994	FCG2B_HUMAN	FCGR2B CD32 FCG2 IGFR2	Homo sapiens (Human)
P31995	FCG2C_HUMAN	FCGR2C CD32 FCG2 IGFR2	Homo sapiens (Human)
P32004	L1CAM_HUMAN	L1CAM CAML1 MIC5	Homo sapiens (Human)
P32926	DSG3_HUMAN	DSG3 CDHF6	Homo sapiens (Human)
P32927	IL3RB_HUMAN	CSF2RB IL3RB IL5RB	Homo sapiens (Human)
P32942	ICAM3_HUMAN	ICAM3	Homo sapiens (Human)
P33151	CADH5_HUMAN	CDH5	Homo sapiens (Human)
P33681	CD80_HUMAN	CD80 CD28LG CD28LG1 LAB7	Homo sapiens (Human)
P34741	SDC2_HUMAN	SDC2 HSPG1	Homo sapiens (Human)
P34810	CD68_HUMAN	CD68	Homo sapiens (Human)
P34910	EVI2B_HUMAN	EVI2B EVDB	Homo sapiens (Human)
P34925	RYK_HUMAN	RYK JTK5A	Homo sapiens (Human)
P35070	BTC_HUMAN	BTC	Homo sapiens (Human)
P35590	TIE1_HUMAN	TIE1 TIE	Homo sapiens (Human)
P35613	BASI_HUMAN	BSG UNQ6505/PRO21383	Homo sapiens (Human)
P35916	VGFR3_HUMAN	FLT4 VEGFR3	Homo sapiens (Human)
P35968	VGFR2_HUMAN	KDR FLK1 VEGFR2	Homo sapiens (Human)
P36888	FLT3_HUMAN	FLT3 CD135 FLK2 STK1	Homo sapiens (Human)
P36894	BMR1A_HUMAN	BMPR1A ACVRLK3 ALK3	Homo sapiens (Human)
P36896	ACV1B_HUMAN	ACVR1B ACVRLK4 ALK4	Homo sapiens (Human)
P36897	TGFR1_HUMAN	TGFBR1 ALK5 SKR4	Homo sapiens (Human)
P36941	TNR3_HUMAN	LTBR D12S370 TNFCR TNFR3 TNFRSF3	Homo sapiens (Human)
P37023	ACVL1_HUMAN	ACVRL1 ACVRLK1 ALK1	Homo sapiens (Human)
P37173	TGFR2_HUMAN	TGFBR2	Homo sapiens (Human)
P38484	INGR2_HUMAN	IFNGR2 IFNGT1	Homo sapiens (Human)
P38570	ITAE_HUMAN	ITGAE	Homo sapiens (Human)
P39656	OST48_HUMAN	DDOST KIAA0115 OST48 OK/SW-cl.45	Homo sapiens (Human)
P40126	TYRP2_HUMAN	DCT TYRP2	Homo sapiens (Human)
P40189	IL6RB_HUMAN	IL6ST	Homo sapiens (Human)
P40197	GPV_HUMAN	GP5	Homo sapiens (Human)
P40198	CEAM3_HUMAN	CEACAM3 CD66D CGM1	Homo sapiens (Human)
P40200	TACT_HUMAN	CD96	Homo sapiens (Human)
P40238	TPOR_HUMAN	MPL TPOR	Homo sapiens (Human)
P40259	CD79B_HUMAN	CD79B B29 IGB	Homo sapiens (Human)
P40967	PMEL_HUMAN	PMEL D12S53E PMEL17 SILV	Homo sapiens (Human)
P41217	OX2G_HUMAN	CD200 MOX1 MOX2 My033	Homo sapiens (Human)
P42081	CD86_HUMAN	CD86 CD28LG2	Homo sapiens (Human)
P42701	I12R1_HUMAN	IL12RB1 IL12R IL12RB	Homo sapiens (Human)
P42702	LIFR_HUMAN	LIFR	Homo sapiens (Human)
P43121	MUC18_HUMAN	MCAM MUC18	Homo sapiens (Human)
P43146	DCC_HUMAN	DCC IGDCC1	Homo sapiens (Human)
P43307	SSRA_HUMAN	SSR1 TRAPA PSEC0262	Homo sapiens (Human)
P43489	TNR4_HUMAN	TNFRSF4 TXGP1L	Homo sapiens (Human)
P43626	KI2L1_HUMAN	KIR2DL1 CD158A NKAT1	Homo sapiens (Human)
P43628	KI2L3_HUMAN	KIR2DL3 CD158B2 KIRCL23 NKAT2	Homo sapiens (Human)
P43629	KI3L1_HUMAN	KIR3DL1 CD158E NKAT3 NKB1	Homo sapiens (Human)
P43630	KI3L2_HUMAN	KIR3DL2 CD158K NKAT4	Homo sapiens (Human)
P43631	KI2S2_HUMAN	KIR2DS2 CD158J NKAT5	Homo sapiens (Human)
P43632	KI2S4_HUMAN	KIR2DS4 CD158I KKA3 NKAT8	Homo sapiens (Human)
P46531	NOTC1_HUMAN	NOTCH1 TAN1	Homo sapiens (Human)
P48357	LEPR_HUMAN	LEPR DB OBR	Homo sapiens (Human)
P48551	INAR2_HUMAN	IFNAR2 IFNABR IFNARB	Homo sapiens (Human)
P49257	LMAN1_HUMAN	LMAN1 ERGIC53 F5F8D	Homo sapiens (Human)
P49755	TMEDA_HUMAN	TMED10 TMP21	Homo sapiens (Human)
P49771	FLT3L_HUMAN	FLT3LG	Homo sapiens (Human)
P50281	MMP14_HUMAN	MMP14	Homo sapiens (Human)
P50895	BCAM_HUMAN	BCAM LU MSK19	Homo sapiens (Human)
P51511	MMP15_HUMAN	MMP15	Homo sapiens (Human)
P51512	MMP16_HUMAN	MMP16 C8orf57 MMPX2	Homo sapiens (Human)
P51571	SSRD_HUMAN	SSR4 TRAPD	Homo sapiens (Human)
P51693	APLP1_HUMAN	APLP1	Homo sapiens (Human)
P51805	PLXA3_HUMAN	PLXNA3 PLXN4 SEX	Homo sapiens (Human)
P51841	GUC2F_HUMAN	GUCY2F GUC2F RETGC2	Homo sapiens (Human)
P52799	EFNB2_HUMAN	EFNB2 EPLG5 HTKL LERK5	Homo sapiens (Human)
P53708	ITA8_HUMAN	ITGA8	Homo sapiens (Human)
P53801	PTTG_HUMAN	PTTG1IP C21orf1 C21orf3	Homo sapiens (Human)
P54289	CA2D1_HUMAN	CACNA2D1 CACNL2A CCHL2A MHS3	Homo sapiens (Human)
P54753	EPHB3_HUMAN	EPHB3 ETK2 HEK2 TYRO6	Homo sapiens (Human)
P54756	EPHA5_HUMAN	EPHA5 BSK EHK1 HEK7 TYRO4	Homo sapiens (Human)
P54760	EPHB4_HUMAN	EPHB4 HTK MYK1 TYRO11	Homo sapiens (Human)
P54762	EPHB1_HUMAN	EPHB1 ELK EPHT2 HEK6 NET	Homo sapiens (Human)
P54764	EPHA4_HUMAN	EPHA4 HEK8 SEK TYRO1	Homo sapiens (Human)
P55082	MFAP3_HUMAN	MFAP3	Homo sapiens (Human)
P55283	CADH4_HUMAN	CDH4	Homo sapiens (Human)
P55285	CADH6_HUMAN	CDH6	Homo sapiens (Human)
P55286	CADH8_HUMAN	CDH8	Homo sapiens (Human)
P55287	CAD11_HUMAN	CDH11	Homo sapiens (Human)
P55289	CAD12_HUMAN	CDH12	Homo sapiens (Human)
P55291	CAD15_HUMAN	CDH15 CDH14 CDH3	Homo sapiens (Human)
P55899	FCGRN_HUMAN	FCGRT FCRN	Homo sapiens (Human)
P56199	ITA1_HUMAN	ITGA1	Homo sapiens (Human)
P56817	BACE1_HUMAN	BACE1 BACE KIAA1149	Homo sapiens (Human)
P56975	NRG3_HUMAN	NRG3	Homo sapiens (Human)
P57087	JAM2_HUMAN	JAM2 C21orf43 VEJAM UNQ219/PRO245	Homo sapiens (Human)
P58335	ANTR2_HUMAN	ANTXR2 CMG2	Homo sapiens (Human)
P58400	NRX1B_HUMAN	NRXN1	Homo sapiens (Human)
P58401	NRX2B_HUMAN	NRXN2	Homo sapiens (Human)
P59901	LIRA4_HUMAN	LILRA4 ILT7	Homo sapiens (Human)
P60852	ZP1_HUMAN	ZP1	Homo sapiens (Human)
P69849	NOMO3_HUMAN	NOMO3	Homo sapiens (Human)
P78310	CXAR_HUMAN	CXADR CAR	Homo sapiens (Human)
P78324	SHPS1_HUMAN	SIRPA BIT MFR MYD1 PTPNS1 SHPS1 SIRP	Homo sapiens (Human)
P78325	ADAM8_HUMAN	ADAM8 MS2	Homo sapiens (Human)
P78357	CNTP1_HUMAN	CNTNAP1 CASPR NRXN4	Homo sapiens (Human)
P78410	BT3A2_HUMAN	BTN3A2 BT3.2 BTF3 BTF4	Homo sapiens (Human)
P78423	X3CL1_HUMAN	CX3CL1 FKN NTT SCYD1 A-152E5.2	Homo sapiens (Human)
P78504	JAG1_HUMAN	JAG1 JAGL1	Homo sapiens (Human)
P78536	ADA17_HUMAN	ADAM17 CSVP TACE	Homo sapiens (Human)
P78552	I13R1_HUMAN	IL13RA1 IL13R IL13RA	Homo sapiens (Human)
P79483	DRB3_HUMAN	HLA-DRB3	Homo sapiens (Human)
P80370	DLK1_HUMAN	DLK1 DLK	Homo sapiens (Human)
P82279	CRUM1_HUMAN	CRB1	Homo sapiens (Human)
P98153	IDD_HUMAN	DGCR2 IDD KIAA0163	Homo sapiens (Human)
P98155	VLDLR_HUMAN	VLDLR	Homo sapiens (Human)
P98164	LRP2_HUMAN	LRP2	Homo sapiens (Human)
P98172	EFNB1_HUMAN	EFNB1 EFL3 EPLG2 LERK2	Homo sapiens (Human)
Q01113	IL9R_HUMAN	IL9R	Homo sapiens (Human)
Q01151	CD83_HUMAN	CD83	Homo sapiens (Human)
Q01344	IL5RA_HUMAN	IL5RA IL5R	Homo sapiens (Human)
Q01638	ILRL1_HUMAN	IL1RL1 DER4 ST2 T1	Homo sapiens (Human)
Q01973	ROR1_HUMAN	ROR1 NTRKR1	Homo sapiens (Human)
Q01974	ROR2_HUMAN	ROR2 NTRKR2	Homo sapiens (Human)
Q02297	NRG1_HUMAN	NRG1 GGF HGL HRGA NDF SMDF	Homo sapiens (Human)
Q02413	DSG1_HUMAN	DSG1 CDHF4	Homo sapiens (Human)
Q02487	DSC2_HUMAN	DSC2 CDHF2 DSC3	Homo sapiens (Human)
Q02763	TIE2_HUMAN	TEK TIE2 VMCM VMCM1	Homo sapiens (Human)
Q02846	GUC2D_HUMAN	GUCY2D CORD6 GUC1A4 GUC2D RETGC RETGC1	Homo sapiens (Human)
Q03167	TGBR3_HUMAN	TGFBR3	Homo sapiens (Human)
Q04721	NOTC2_HUMAN	NOTCH2	Homo sapiens (Human)
Q04771	ACVR1_HUMAN	ACVR1 ACVRLK2	Homo sapiens (Human)
Q04900	MUC24_HUMAN	CD164	Homo sapiens (Human)
Q04912	RON_HUMAN	MST1R PTK8 RON	Homo sapiens (Human)
Q05996	ZP2_HUMAN	ZP2 ZPA	Homo sapiens (Human)
Q06418	TYRO3_HUMAN	TYRO3 BYK DTK RSE SKY TIF	Homo sapiens (Human)
Q06481	APLP2_HUMAN	APLP2 APPL2	Homo sapiens (Human)
Q07011	TNR9_HUMAN	TNFRSF9 CD137 ILA	Homo sapiens (Human)
Q07699	SCN1B_HUMAN	SCN1B	Homo sapiens (Human)
Q07954	LRP1_HUMAN	LRP1 A2MR APR	Homo sapiens (Human)
Q08174	PCDH1_HUMAN	PCDH1	Homo sapiens (Human)
Q08334	I10R2_HUMAN	IL10RB CRFB4 D21S58 D21S66	Homo sapiens (Human)
Q08345	DDR1_HUMAN	DDR1 CAK EDDR1 NEP NTRK4 PTK3A RTK6 TRKE	Homo sapiens (Human)
Q08554	DSC1_HUMAN	DSC1 CDHF1	Homo sapiens (Human)
Q08708	CLM6_HUMAN	CD300C CMRF35 CMRF35A CMRF35A1 IGSF16	Homo sapiens (Human)
Q08ET2	SIG14_HUMAN	SIGLEC14 UNQ294/PRO333	Homo sapiens (Human)
Q12836	ZP4_HUMAN	ZP4 ZPB	Homo sapiens (Human)
Q12864	CAD17_HUMAN	CDH17	Homo sapiens (Human)
Q12866	MERTK_HUMAN	MERTK MER	Homo sapiens (Human)
Q12907	LMAN2_HUMAN	LMAN2 C5orf8	Homo sapiens (Human)
Q12913	PTPRJ_HUMAN	PTPRJ DEP1	Homo sapiens (Human)
Q13018	PLA2R_HUMAN	PLA2R1 CLEC13C	Homo sapiens (Human)
Q13145	BAMBI_HUMAN	BAMBI NMA	Homo sapiens (Human)
Q13261	I15RA_HUMAN	IL15RA	Homo sapiens (Human)
Q13291	SLAF1_HUMAN	SLAMF1 SLAM	Homo sapiens (Human)
Q13308	PTK7_HUMAN	PTK7 CCK4	Homo sapiens (Human)
Q13332	PTPRS_HUMAN	PTPRS	Homo sapiens (Human)
Q13349	ITAD_HUMAN	ITGAD	Homo sapiens (Human)
Q13410	BT1A1_HUMAN	BTN1A1 BTN	Homo sapiens (Human)
Q13443	ADAM9_HUMAN	ADAM9 KIAA0021 MCMP MDC9 MLTNG	Homo sapiens (Human)
Q13444	ADA15_HUMAN	ADAM15 MDC15	Homo sapiens (Human)
Q13445	TMED1_HUMAN	TMED1 IL1RL1L IL1RL1LG	Homo sapiens (Human)
Q13477	MADCA_HUMAN	MADCAM1	Homo sapiens (Human)
Q13478	IL18R_HUMAN	IL18R1 IL1RRP	Homo sapiens (Human)
Q13505	MTX1_HUMAN	MTX1 MTX MTXN	Homo sapiens (Human)
Q13586	STIM1_HUMAN	STIM1 GOK	Homo sapiens (Human)
Q13591	SEM5A_HUMAN	SEMA5A SEMAF	Homo sapiens (Human)
Q13634	CAD18_HUMAN	CDH18 CDH14	Homo sapiens (Human)
Q13641	TPBG_HUMAN	TPBG 5T4	Homo sapiens (Human)
Q13651	I10R1_HUMAN	IL10RA IL10R	Homo sapiens (Human)
Q13683	ITA7_HUMAN	ITGA7 UNQ406/PRO768	Homo sapiens (Human)
Q13705	AVR2B_HUMAN	ACVR2B	Homo sapiens (Human)
Q13740	CD166_HUMAN	ALCAM MEMD	Homo sapiens (Human)
Q13797	ITA9_HUMAN	ITGA9	Homo sapiens (Human)
Q13873	BMPR2_HUMAN	BMPR2 PPH1	Homo sapiens (Human)
Q14114	LRP8_HUMAN	LRP8 APOER2	Homo sapiens (Human)
Q14118	DAG1_HUMAN	DAG1	Homo sapiens (Human)
Q14126	DSG2_HUMAN	DSG2 CDHF5	Homo sapiens (Human)
Q14162	SREC_HUMAN	SCARF1 KIAA0149 SREC	Homo sapiens (Human)
Q14165	MLEC_HUMAN	MLEC KIAA0152	Homo sapiens (Human)
Q14242	SELPL_HUMAN	SELPLG	Homo sapiens (Human)
Q14392	LRC32_HUMAN	LRRC32 D11S833E	Homo sapiens (Human)
Q14517	FAT1_HUMAN	FAT1 CDHF7 FAT	Homo sapiens (Human)
Q14574	DSC3_HUMAN	DSC3 CDHF3 DSC4	Homo sapiens (Human)
Q14626	I11RA_HUMAN	IL11RA	Homo sapiens (Human)
Q14627	I13R2_HUMAN	IL13RA2 IL13R	Homo sapiens (Human)
Q14703	MBTP1_HUMAN	MBTPS1 KIAA0091 S1P SKI1	Homo sapiens (Human)
Q14773	ICAM4_HUMAN	ICAM4 LW	Homo sapiens (Human)
Q14789	GOGB1_HUMAN	GOLGB1	Homo sapiens (Human)
Q14802	FXYD3_HUMAN	FXYD3 MAT8 PLML	Homo sapiens (Human)
Q14943	KI3S1_HUMAN	KIR3DS1 NKAT10	Homo sapiens (Human)
Q14953	KI2S5_HUMAN	KIR2DS5 CD158G NKAT9	Homo sapiens (Human)
Q14954	KI2S1_HUMAN	KIR2DS1 CD158H	Homo sapiens (Human)
Q14956	GPNMB_HUMAN	GPNMB HGFIN NMB UNQ1725/PRO9925	Homo sapiens (Human)
Q14CZ8	HECAM_HUMAN	HEPACAM	Homo sapiens (Human)
Q15109	RAGE_HUMAN	AGER RAGE	Homo sapiens (Human)
Q15116	PDCD1_HUMAN	PDCD1 PD1	Homo sapiens (Human)
Q15155	NOMO1_HUMAN	NOMO1 PM5	Homo sapiens (Human)
Q15223	NECT1_HUMAN	NECTIN1 HVEC PRR1 PVRL1	Homo sapiens (Human)
Q15256	PTPRR_HUMAN	PTPRR ECPTP PTPRQ	Homo sapiens (Human)
Q15262	PTPRK_HUMAN	PTPRK PTPK	Homo sapiens (Human)
Q15303	ERBB4_HUMAN	ERBB4 HER4	Homo sapiens (Human)
Q15363	TMED2_HUMAN	TMED2 RNP24	Homo sapiens (Human)
Q15375	EPHA7_HUMAN	EPHA7 EHK3 HEK11	Homo sapiens (Human)
Q15399	TLR1_HUMAN	TLR1 KIAA0012	Homo sapiens (Human)
Q15762	CD226_HUMAN	CD226 DNAM1	Homo sapiens (Human)
Q15768	EFNB3_HUMAN	EFNB3 EPLG8 LERK8	Homo sapiens (Human)
Q15884	EREP1_HUMAN	ENTREP1 C9orf61 FAM189A2 X123	Homo sapiens (Human)
Q15904	VAS1_HUMAN	ATP6AP1 ATP6IP1 ATP6S1 VATPS1 XAP3	Homo sapiens (Human)
Q16288	NTRK3_HUMAN	NTRK3 TRKC	Homo sapiens (Human)
Q16549	PCSK7_HUMAN	PCSK7 LPC PC7 PC8 SPC7	Homo sapiens (Human)
Q16586	SGCA_HUMAN	SGCA ADL DAG2	Homo sapiens (Human)
Q16620	NTRK2_HUMAN	NTRK2 TRKB	Homo sapiens (Human)
Q16653	MOG_HUMAN	MOG	Homo sapiens (Human)
Q16671	AMHR2_HUMAN	AMHR2 AMHR MISR2	Homo sapiens (Human)
Q16790	CAH9_HUMAN	CA9 G250 MN	Homo sapiens (Human)
Q16819	MEP1A_HUMAN	MEP1A	Homo sapiens (Human)
Q16820	MEP1B_HUMAN	MEP1B	Homo sapiens (Human)
Q16827	PTPRO_HUMAN	PTPRO GLEPP1 PTPU2	Homo sapiens (Human)
Q16832	DDR2_HUMAN	DDR2 NTRKR3 TKT TYRO10	Homo sapiens (Human)
Q16849	PTPRN_HUMAN	PTPRN ICA3 ICA512	Homo sapiens (Human)
Q19T08	ECSCR_HUMAN	ECSCR ECSM2	Homo sapiens (Human)
Q24JP5	T132A_HUMAN	TMEM132A HSPA5BP1 KIAA1583	Homo sapiens (Human)
Q29980	MICB_HUMAN	MICB PERB11.2	Homo sapiens (Human)
Q29983	MICA_HUMAN	MICA PERB11.1	Homo sapiens (Human)
Q2I0M4	LRC26_HUMAN	LRRC26 CAPC	Homo sapiens (Human)
Q30154	DRB5_HUMAN	HLA-DRB5	Homo sapiens (Human)
Q30201	HFE_HUMAN	HFE HLAH	Homo sapiens (Human)
Q3KNT9	TMM95_HUMAN	TMEM95 UNQ9390/PRO34281	Homo sapiens (Human)
Q3SXP7	SHSL1_HUMAN	SHISAL1 KIAA1644	Homo sapiens (Human)
Q3SXY7	LRIT3_HUMAN	LRIT3	Homo sapiens (Human)
Q3T906	GNPTA_HUMAN	GNPTAB GNPTA KIAA1208	Homo sapiens (Human)
Q495A1	TIGIT_HUMAN	TIGIT VSIG9 VSTM3	Homo sapiens (Human)
Q496F6	CLM2_HUMAN	CD300E CD300LE CLM2 CMRF35A5 IREM2	Homo sapiens (Human)
Q4KMG9	TM52B_HUMAN	TMEM52B C12orf59 UNQ5927/PRO19821	Homo sapiens (Human)
Q4V9L6	TM119_HUMAN	TMEM119 PSEC0199 UNQ731/PRO1415	Homo sapiens (Human)
Q53EL9	SEZ6_HUMAN	SEZ6	Homo sapiens (Human)
Q58EX2	SDK2_HUMAN	SDK2 KIAA1514	Homo sapiens (Human)
Q5BVD1	TTMP_HUMAN	TTMP C3orf52	Homo sapiens (Human)
Q5DID0	UROL1_HUMAN	UMODL1	Homo sapiens (Human)
Q5DX21	IGS11_HUMAN	IGSF11 BTIGSF CXADRL1 VSIG3	Homo sapiens (Human)
Q5IJ48	CRUM2_HUMAN	CRB2	Homo sapiens (Human)
Q5JPE7	NOMO2_HUMAN	NOMO2	Homo sapiens (Human)
Q5JX71	F209A_HUMAN	FAM209A C20orf106	Homo sapiens (Human)
Q5JZY3	EPHAA_HUMAN	EPHA10	Homo sapiens (Human)
Q5SGD2	PPM1L_HUMAN	PPM1L PP2CE	Homo sapiens (Human)
Q5SQ64	LY66F_HUMAN	LY6G6F C6orf21 G6F LY6G6D NG32	Homo sapiens (Human)
Q5SSG8	MUC21_HUMAN	MUC21 C6orf205 UNQ697/PRO1342	Homo sapiens (Human)
Q5SZK8	FREM2_HUMAN	FREM2	Homo sapiens (Human)
Q5T2D2	TRML2_HUMAN	TREML2 C6orf76 TLT2 UNQ6268/PRO20473	Homo sapiens (Human)
Q5UCC4	EMC10_HUMAN	EMC10 C19orf63 INM02 UNQ764/PRO1556	Homo sapiens (Human)
Q5VT99	LRC38_HUMAN	LRRC38	Homo sapiens (Human)
Q5VUB5	F1711_HUMAN	FAM171A1 APCN C10orf38	Homo sapiens (Human)
Q5VV43	K0319_HUMAN	KIAA0319	Homo sapiens (Human)
Q5VWK5	IL23R_HUMAN	IL23R	Homo sapiens (Human)
Q5VX71	SUSD4_HUMAN	SUSD4 UNQ196/PRO222	Homo sapiens (Human)
Q5VYJ5	MALR1_HUMAN	MALRD1 C10orf112 DIET1	Homo sapiens (Human)
Q5ZPR3	CD276_HUMAN	CD276 B7H3 PSEC0249 UNQ309/PRO352	Homo sapiens (Human)
Q68D85	NR3L1_HUMAN	NCR3LG1 B7H6	Homo sapiens (Human)
Q68DV7	RNF43_HUMAN	RNF43	Homo sapiens (Human)
Q69384	ENK6_HUMAN	ERVK-6 ERVK6	Homo sapiens (Human)
Q6DN72	FCRL6_HUMAN	FCRL6 FCRH6	Homo sapiens (Human)
Q6EMK4	VASN_HUMAN	VASN SLITL2 UNQ314/PRO357/PRO1282	Homo sapiens (Human)
Q6GPH6	IPIL1_HUMAN	ITPRIPL1 KIAA1754L	Homo sapiens (Human)
Q6GTX8	LAIR1_HUMAN	LAIR1 CD305	Homo sapiens (Human)
Q6ISU1	PTCRA_HUMAN	PTCRA	Homo sapiens (Human)
Q6MZM0	HPHL1_HUMAN	HEPHL1	Homo sapiens (Human)
Q6NT55	CP4FN_HUMAN	CYP4F22	Homo sapiens (Human)
Q6NUJ2	CK087_HUMAN	C11orf87	Homo sapiens (Human)
Q6NUS6	TECT3_HUMAN	TCTN3 C10orf61 TECT3 PSEC0041 UNQ1881/PRO4324	Homo sapiens (Human)
Q6P1J6	PLB1_HUMAN	PLB1 PLB	Homo sapiens (Human)
Q6PCB8	EMB_HUMAN	EMB	Homo sapiens (Human)
Q6PJG9	LRFN4_HUMAN	LRFN4 SALM3	Homo sapiens (Human)
Q6UVK1	CSPG4_HUMAN	CSPG4 MCSP	Homo sapiens (Human)
Q6UVY6	MOXD1_HUMAN	MOXD1 MOX UNQ2493/PRO5780	Homo sapiens (Human)
Q6UW88	EPGN_HUMAN	EPGN UNQ3072/PRO9904	Homo sapiens (Human)
Q6UWB1	I27RA_HUMAN	IL27RA CRL1 TCCR WSX1 UNQ296/PRO336	Homo sapiens (Human)
Q6UWI2	PARM1_HUMAN	PARM1 UNQ1879/PRO4322	Homo sapiens (Human)
Q6UWL6	KIRR2_HUMAN	KIRREL2 NEPH3 UNQ5827/PRO19646	Homo sapiens (Human)
Q6UWV6	ENPP7_HUMAN	ENPP7 UNQ3077/PRO9912	Homo sapiens (Human)
Q6UX15	LAYN_HUMAN	LAYN UNQ208/PRO234	Homo sapiens (Human)
Q6UX41	BTNL8_HUMAN	BTNL8 UNQ702/PRO1347	Homo sapiens (Human)
Q6UX71	PXDC2_HUMAN	PLXDC2 TEM7R UNQ2514/PRO6003	Homo sapiens (Human)
Q6UXD5	SE6L2_HUMAN	SEZ6L2 PSK UNQ1903/PRO4349	Homo sapiens (Human)
Q6UXG2	ELAP1_HUMAN	ELAPOR1 EIG121 KIAA1324 UNQ2426/PRO4985	Homo sapiens (Human)
Q6UXG3	CLM9_HUMAN	CD300LG CLM9 TREM4 UNQ422/PRO846	Homo sapiens (Human)
Q6UXG8	BTNL9_HUMAN	BTNL9 UNQ1900/PRO4346	Homo sapiens (Human)
Q6UXL0	I20RB_HUMAN	IL20RB DIRS1 UNQ557/PRO1114	Homo sapiens (Human)
Q6UXZ0	TMIG1_HUMAN	TMIGD1 TMIGD UNQ9372/PRO34164	Homo sapiens (Human)
Q6UXZ3	CLM5_HUMAN	CD300LD CD300D CMRF35A4 UNQ9218/PRO28686	Homo sapiens (Human)
Q6UXZ4	UNC5D_HUMAN	UNC5D KIAA1777 UNC5H4 UNQ6012/PRO34692	Homo sapiens (Human)
Q6UY09	CEA20_HUMAN	CEACAM20 UNQ9366/PRO34155	Homo sapiens (Human)
Q6V0I7	FAT4_HUMAN	FAT4 CDHF14 FATJ Nbla00548	Homo sapiens (Human)
Q6ZMC9	SIG15_HUMAN	SIGLEC15 CD33L3	Homo sapiens (Human)
Q6ZMQ8	LMTK1_HUMAN	AATK AATYK KIAA0641 LMR1 LMTK1	Homo sapiens (Human)
Q6ZN44	UNC5A_HUMAN	UNC5A KIAA1976 UNC5H1	Homo sapiens (Human)
Q6ZSJ9	SHSA6_HUMAN	SHISA6	Homo sapiens (Human)
Q6ZTQ4	CDHR3_HUMAN	CDHR3 CDH28	Homo sapiens (Human)
Q6ZU64	CFA65_HUMAN	CFAP65 CCDC108	Homo sapiens (Human)
Q71H61	ILDR2_HUMAN	ILDR2 C1orf32	Homo sapiens (Human)
Q76MJ5	ERN2_HUMAN	ERN2 IRE2	Homo sapiens (Human)
Q7KYR7	BT2A1_HUMAN	BTN2A1 BT2.1 BTF1	Homo sapiens (Human)
Q7L0X0	TRIL_HUMAN	TRIL KIAA0644	Homo sapiens (Human)
Q7Z3S7	CA2D4_HUMAN	CACNA2D4	Homo sapiens (Human)
Q7Z4F1	LRP10_HUMAN	LRP10 MSTP087 SP220 UNQ389/PRO724	Homo sapiens (Human)
Q7Z5N4	SDK1_HUMAN	SDK1	Homo sapiens (Human)
Q7Z6A9	BTLA_HUMAN	BTLA	Homo sapiens (Human)
Q7Z6M3	MILR1_HUMAN	MILR1 C17orf60 MCA32	Homo sapiens (Human)
Q7Z7D3	VTCN1_HUMAN	VTCN1 B7H4 UNQ659/PRO1291	Homo sapiens (Human)
Q7Z7H5	TMED4_HUMAN	TMED4 ERS25	Homo sapiens (Human)
Q7Z7M0	MEGF8_HUMAN	MEGF8 C19orf49 EGFL4 KIAA0817	Homo sapiens (Human)
Q86SJ2	AMGO2_HUMAN	AMIGO2 ALI1	Homo sapiens (Human)
Q86SJ6	DSG4_HUMAN	DSG4 CDHF13	Homo sapiens (Human)
Q86SU0	ILDR1_HUMAN	ILDR1	Homo sapiens (Human)
Q86T13	CLC14_HUMAN	CLEC14A C14orf27 EGFR5 UNQ236/PRO269	Homo sapiens (Human)
Q86TY3	ARMD4_HUMAN	ARMH4 C14orf37	Homo sapiens (Human)
Q86UE6	LRRT1_HUMAN	LRRTM1 UNQ675/PRO1309	Homo sapiens (Human)
Q86UK5	LBN_HUMAN	EVC2 LBN	Homo sapiens (Human)
Q86UP0	CAD24_HUMAN	CDH24 CDH11L UNQ2834/PRO34009	Homo sapiens (Human)
Q86V40	TIKI1_HUMAN	TRABD2A C2orf89 TIKI1	Homo sapiens (Human)
Q86VB7	C163A_HUMAN	CD163 M130	Homo sapiens (Human)
Q86VH5	LRRT3_HUMAN	LRRTM3 UNQ803/PRO1693	Homo sapiens (Human)
Q86WC4	OSTM1_HUMAN	OSTM1 GL HSPC019 UNQ6098/PRO21201	Homo sapiens (Human)
Q86WK6	AMGO1_HUMAN	AMIGO1 ALI2 AMIGO KIAA1163	Homo sapiens (Human)
Q86X29	LSR_HUMAN	LSR ILDR3 LISCH	Homo sapiens (Human)
Q86XK7	VSIG1_HUMAN	VSIG1 GPA34	Homo sapiens (Human)
Q86XM0	CTSRD_HUMAN	CATSPERD TMEM146	Homo sapiens (Human)
Q86XS8	GOLI_HUMAN	RNF130	Homo sapiens (Human)
Q86XX4	FRAS1_HUMAN	FRAS1 KIAA1500	Homo sapiens (Human)
Q86YC3	LRC33_HUMAN	NRROS LRRC33 UNQ3030/PRO9833	Homo sapiens (Human)
Q86YD3	TMM25_HUMAN	TMEM25 UNQ2531/PRO6030	Homo sapiens (Human)
Q86YD5	LRAD3_HUMAN	LDLRAD3 LRAD3	Homo sapiens (Human)
Q86YL7	PDPN_HUMAN	PDPN GP36 PSEC0003 PSEC0025	Homo sapiens (Human)
Q86YT9	JAML_HUMAN	JAML AMICA1 UNQ722/PRO1387	Homo sapiens (Human)
Q86YW5	TRML1_HUMAN	TREML1 TLT1 UNQ1825/PRO3438	Homo sapiens (Human)
Q8IU57	INLR1_HUMAN	IFNLR1 IL28RA LICR2	Homo sapiens (Human)
Q8IUK5	PLDX1_HUMAN	PLXDC1 TEM3 TEM7	Homo sapiens (Human)
Q8IUW5	RELL1_HUMAN	RELL1 PSEC0162	Homo sapiens (Human)
Q8IV31	TM139_HUMAN	TMEM139 UNQ1932/PRO4407	Homo sapiens (Human)
Q8IW00	VSTM4_HUMAN	VSTM4 C10orf72	Homo sapiens (Human)
Q8IW52	SLIK4_HUMAN	SLITRK4	Homo sapiens (Human)
Q8IWB1	IPRI_HUMAN	ITPRIP DANGER KIAA1754	Homo sapiens (Human)
Q8IWT1	SCN4B_HUMAN	SCN4B	Homo sapiens (Human)
Q8IX05	CD302_HUMAN	CD302 CLEC13A DCL1 KIAA0022	Homo sapiens (Human)
Q8IXH8	CAD26_HUMAN	CDH26	Homo sapiens (Human)
Q8IYJ0	PIANP_HUMAN	PIANP C12orf53 PANP UNQ828/PRO1755	Homo sapiens (Human)
Q8IYR6	TEFF1_HUMAN	TMEFF1 C9orf2	Homo sapiens (Human)
Q8IYS5	OSCAR_HUMAN	OSCAR	Homo sapiens (Human)
Q8IYV9	IZUM1_HUMAN	IZUMO1	Homo sapiens (Human)
Q8IZJ1	UNC5B_HUMAN	UNC5B P53RDL1 UNC5H2 UNQ1883/PRO4326	Homo sapiens (Human)
Q8IZS8	CA2D3_HUMAN	CACNA2D3	Homo sapiens (Human)
Q8IZU9	KIRR3_HUMAN	KIRREL3 KIAA1867 NEPH2 UNQ5923/PRO4502/PRO19814	Homo sapiens (Human)
Q8J025	APCD1_HUMAN	APCDD1 DRAPC1 FP7019	Homo sapiens (Human)
Q8N0W4	NLGNX_HUMAN	NLGN4X KIAA1260 NLGN4 UNQ365/PRO701	Homo sapiens (Human)
Q8N114	SHSA5_HUMAN	SHISA5 SCOTIN PSEC0133	Homo sapiens (Human)
Q8N126	CADM3_HUMAN	CADM3 IGSF4B NECL1 SYNCAM3 TSLL1 UNQ225/PRO258	Homo sapiens (Human)
Q8N131	PORIM_HUMAN	TMEM123 KCT3 PSEC0111 UNQ641/PRO1271	Homo sapiens (Human)
Q8N149	LIRA2_HUMAN	LILRA2 ILT1 LIR7	Homo sapiens (Human)
Q8N2Q7	NLGN1_HUMAN	NLGN1 KIAA1070	Homo sapiens (Human)
Q8N386	LRC25_HUMAN	LRRC25 MAPA UNQ6169/PRO20174	Homo sapiens (Human)
Q8N387	MUC15_HUMAN	MUC15 UNQ750/PRO1481	Homo sapiens (Human)
Q8N3G9	TM130_HUMAN	TMEM130 UNQ719/PRO1383	Homo sapiens (Human)
Q8N3J6	CADM2_HUMAN	CADM2 IGSF4D NECL3	Homo sapiens (Human)
Q8N423	LIRB2_HUMAN	LILRB2 ILT4 LIR2 MIR10	Homo sapiens (Human)
Q8N441	FGRL1_HUMAN	FGFRL1 FGFR5 FHFR UNQ480/PRO943	Homo sapiens (Human)
Q8N6P7	I22R1_HUMAN	IL22RA1 IL22R	Homo sapiens (Human)
Q8N743	KI3L3_HUMAN	KIR3DL3 CD158Z KIR3DL7 KIRC1	Homo sapiens (Human)
Q8N766	EMC1_HUMAN	EMC1 KIAA0090 PSEC0263	Homo sapiens (Human)
Q8NAC3	I17RC_HUMAN	IL17RC UNQ6118/PRO20040/PRO38901	Homo sapiens (Human)
Q8NC67	NETO2_HUMAN	NETO2 BTCL2 UNQ1926/PRO4401	Homo sapiens (Human)
Q8NCW0	KREM2_HUMAN	KREMEN2 KRM2	Homo sapiens (Human)
Q8NER5	ACV1C_HUMAN	ACVR1C ALK7	Homo sapiens (Human)
Q8NET5	NFAM1_HUMAN	NFAM1 CNAIP	Homo sapiens (Human)
Q8NFM7	I17RD_HUMAN	IL17RD IL17RLM SEF UNQ6115/PRO20026	Homo sapiens (Human)
Q8NFR9	I17RE_HUMAN	IL17RE UNQ3056/PRO9877	Homo sapiens (Human)
Q8NFT8	DNER_HUMAN	DNER BET UNQ262/PRO299	Homo sapiens (Human)
Q8NFY4	SEM6D_HUMAN	SEMA6D KIAA1479	Homo sapiens (Human)
Q8NFZ3	NLGNY_HUMAN	NLGN4Y KIAA0951	Homo sapiens (Human)
Q8NFZ4	NLGN2_HUMAN	NLGN2 KIAA1366	Homo sapiens (Human)
Q8NFZ8	CADM4_HUMAN	CADM4 IGSF4C NECL4 TSLL2	Homo sapiens (Human)
Q8NHJ6	LIRB4_HUMAN	LILRB4 ILT3 LIR5	Homo sapiens (Human)
Q8NHL6	LIRB1_HUMAN	LILRB1 ILT2 LIR1 MIR7	Homo sapiens (Human)
Q8NI17	IL31R_HUMAN	IL31RA CRL3 GPL UNQ6368/PRO21073/PRO21384	Homo sapiens (Human)
Q8TAB3	PCD19_HUMAN	PCDH19 KIAA1313	Homo sapiens (Human)
Q8TBP5	F174A_HUMAN	FAM174A NS5ATP6 TMEM157 UNQ1912/PRO4371	Homo sapiens (Human)
Q8TC27	ADA32_HUMAN	ADAM32 UNQ5982/PRO21340	Homo sapiens (Human)
Q8TCZ2	C99L2_HUMAN	CD99L2 MIC2L1 UNQ1964/PRO4486	Homo sapiens (Human)
Q8TD07	RAE1E_HUMAN	RAET1E LETAL N2DL4 ULBP4 UNQ1867/PRO4303	Homo sapiens (Human)
Q8TD46	MO2R1_HUMAN	CD200R1 CD200R CRTR2 MOX2R OX2R UNQ2522/PRO6015	Homo sapiens (Human)
Q8TD84	DSCL1_HUMAN	DSCAML1 DSCAM2 KIAA1132	Homo sapiens (Human)
Q8TDF5	NETO1_HUMAN	NETO1 BTCL1	Homo sapiens (Human)
Q8TDQ0	HAVR2_HUMAN	HAVCR2 TIM3 TIMD3	Homo sapiens (Human)
Q8TDQ1	CLM1_HUMAN	CD300LF CD300F CLM1 IGSF13 IREM1 NKIR UNQ3105/PRO10111	Homo sapiens (Human)
Q8TDW7	FAT3_HUMAN	FAT3 CDHF15 KIAA1989	Homo sapiens (Human)
Q8TEM1	PO210_HUMAN	NUP210 KIAA0906 PSEC0245	Homo sapiens (Human)
Q8TF66	LRC15_HUMAN	LRRC15 LIB	Homo sapiens (Human)
Q8WVN6	SCTM1_HUMAN	SECTM1 K12	Homo sapiens (Human)
Q8WVV5	BT2A2_HUMAN	BTN2A2 BT2.2 BTF2	Homo sapiens (Human)
Q8WWB7	GLMP_HUMAN	GLMP C1orf85 PSEC0030 UNQ2553/PRO6182	Homo sapiens (Human)
Q8WWF5	ZNRF4_HUMAN	ZNRF4 RNF204	Homo sapiens (Human)
Q8WWQ8	STAB2_HUMAN	STAB2 FEEL2 FELL FEX2 HARE	Homo sapiens (Human)
Q8WWV6	FCAMR_HUMAN	FCAMR FKSG87	Homo sapiens (Human)
Q8WXI7	MUC16_HUMAN	MUC16 CA125	Homo sapiens (Human)
Q8WY21	SORC1_HUMAN	SORCS1 SORCS	Homo sapiens (Human)
Q8WZ59	TM190_HUMAN	TMEM190 MDAC1	Homo sapiens (Human)
Q92537	SUSD6_HUMAN	SUSD6 DRAGO KIAA0247	Homo sapiens (Human)
Q92542	NICA_HUMAN	NCSTN KIAA0253 UNQ1874/PRO4317	Homo sapiens (Human)
Q92545	TM131_HUMAN	TMEM131 KIAA0257 RW1	Homo sapiens (Human)
Q92637	FCGRB_HUMAN	FCGR1BP FCGR1B IGFRB	Homo sapiens (Human)
Q92643	GPI8_HUMAN	PIGK GPI8	Homo sapiens (Human)
Q92673	SORL_HUMAN	SORL1 C11orf32	Homo sapiens (Human)
Q92692	NECT2_HUMAN	NECTIN2 HVEB PRR2 PVRL2	Homo sapiens (Human)
Q92729	PTPRU_HUMAN	PTPRU FMI PCP2 PTPRO	Homo sapiens (Human)
Q92823	NRCAM_HUMAN	NRCAM KIAA0343	Homo sapiens (Human)
Q92824	PCSK5_HUMAN	PCSK5 PC5 PC6	Homo sapiens (Human)
Q92854	SEM4D_HUMAN	SEMA4D C9orf164 CD100 SEMAJ	Homo sapiens (Human)
Q92859	NEO1_HUMAN	NEO1 IGDCC2 NGN	Homo sapiens (Human)
Q92896	GSLG1_HUMAN	GLG1 CFR1 ESL1 MG160	Homo sapiens (Human)
Q92932	PTPR2_HUMAN	PTPRN2 KIAA0387	Homo sapiens (Human)
Q92956	TNR14_HUMAN	TNFRSF14 HVEA HVEM UNQ329/PRO509	Homo sapiens (Human)
Q93033	IGSF2_HUMAN	CD101 EWI101 IGSF2 V7	Homo sapiens (Human)
Q93038	TNR25_HUMAN	TNFRSF25 APO3 DDR3 DR3 TNFRSF12 WSL WSL1 UNQ455/PRO779	Homo sapiens (Human)
Q95460	HMR1_HUMAN	MR1	Homo sapiens (Human)
Q969N2	PIGT_HUMAN	PIGT CGI-06 PSEC0163 UNQ716/PRO1379	Homo sapiens (Human)
Q969Z4	TR19L_HUMAN	RELT TNFRSF19L	Homo sapiens (Human)
Q96A33	CCD47_HUMAN	CCDC47 GK001 MSTP041 PSEC0077	Homo sapiens (Human)
Q96AP7	ESAM_HUMAN	ESAM UNQ220/PRO246	Homo sapiens (Human)
Q96AW1	VOPP1_HUMAN	VOPP1 ECOP GASP	Homo sapiens (Human)
Q96BF3	TMIG2_HUMAN	TMIGD2 CD28H IGPR1 UNQ3059/PRO9879	Homo sapiens (Human)
Q96BY9	SARAF_HUMAN	SARAF TMEM66 XTP3 HSPC035 NPD003 PSEC0019 UNQ1967/PRO4499	Homo sapiens (Human)
Q96D42	HAVR1_HUMAN	HAVCR1 KIM1 TIM1 TIMD1	Homo sapiens (Human)
Q96DB9	FXYD5_HUMAN	FXYD5 DYSAD IWU1 HSPC113 UNQ2561/PRO6241	Homo sapiens (Human)
Q96DU3	SLAF6_HUMAN	SLAMF6 KALI UNQ6123/PRO20080	Homo sapiens (Human)
Q96F05	CK024_HUMAN	C11orf24 FP2568 UNQ1872/PRO4315	Homo sapiens (Human)
Q96F46	I17RA_HUMAN	IL17RA IL17R	Homo sapiens (Human)
Q96FE5	LIGO1_HUMAN	LINGO1 LERN1 LRRN6A UNQ201/PRO227	Homo sapiens (Human)
Q96FE7	P3IP1_HUMAN	PIK3IP1 HGFL	Homo sapiens (Human)
Q96GP6	SREC2_HUMAN	SCARF2 SREC2 SREPCR	Homo sapiens (Human)
Q96GX1	TECT2_HUMAN	TCTN2 C12orf38 TECT2	Homo sapiens (Human)
Q96H15	TIMD4_HUMAN	TIMD4 TIM4	Homo sapiens (Human)
Q96J42	TXD15_HUMAN	TXNDC15 C5orf14 UNQ335/PRO534	Homo sapiens (Human)
Q96J84	KIRR1_HUMAN	KIRREL1 KIRREL NEPH1	Homo sapiens (Human)
Q96JA1	LRIG1_HUMAN	LRIG1 LIG1	Homo sapiens (Human)
Q96JQ0	PCD16_HUMAN	DCHS1 CDH19 CDH25 FIB1 KIAA1773 PCDH16	Homo sapiens (Human)
Q96KC8	DNJC1_HUMAN	DNAJC1 HTJ1	Homo sapiens (Human)
Q96KG7	MEG10_HUMAN	MEGF10 KIAA1780	Homo sapiens (Human)
Q96LA5	FCRL2_HUMAN	FCRL2 FCRH2 IFGP4 IRTA4 SPAP1 UNQ9236/PRO31998	Homo sapiens (Human)
Q96LA6	FCRL1_HUMAN	FCRL1 FCRH1 IFGP1 IRTA5	Homo sapiens (Human)
Q96LC7	SIG10_HUMAN	SIGLEC10 SLG2 UNQ477/PRO940	Homo sapiens (Human)
Q96MS0	ROBO3_HUMAN	ROBO3	Homo sapiens (Human)
Q96MU8	KREM1_HUMAN	KREMEN1 KREMEN KRM1	Homo sapiens (Human)
Q96NI6	LRFN5_HUMAN	LRFN5 C14orf146 SALM5	Homo sapiens (Human)
Q96NY8	NECT4_HUMAN	NECTIN4 LNIR PRR4 PVRL4	Homo sapiens (Human)
Q96P31	FCRL3_HUMAN	FCRL3 FCRH3 IFGP3 IRTA3 SPAP2	Homo sapiens (Human)
Q96PD2	DCBD2_HUMAN	DCBLD2 CLCP1 ESDN	Homo sapiens (Human)
Q96PJ5	FCRL4_HUMAN	FCRL4 FCRH4 IFGP2 IRTA1	Homo sapiens (Human)
Q96PL5	ERMAP_HUMAN	ERMAP RD SC	Homo sapiens (Human)
Q96PQ0	SORC2_HUMAN	SORCS2 KIAA1329	Homo sapiens (Human)
Q96PQ1	SIG12_HUMAN	SIGLEC12 SIGLECL1 SLG UNQ9215/PRO34042	Homo sapiens (Human)
Q96PX8	SLIK1_HUMAN	SLITRK1 KIAA1910 LRRC12 UNQ233/PRO266	Homo sapiens (Human)
Q96PZ7	CSMD1_HUMAN	CSMD1 KIAA1890 UNQ5952/PRO19863	Homo sapiens (Human)
Q96QU1	PCD15_HUMAN	PCDH15 USH1F	Homo sapiens (Human)
Q96RD9	FCRL5_HUMAN	FCRL5 FCRH5 IRTA2 UNQ503/PRO820	Homo sapiens (Human)
Q96RL6	SIG11_HUMAN	SIGLEC11 UNQ9222/PRO28718	Homo sapiens (Human)
Q99062	CSF3R_HUMAN	CSF3R GCSFR	Homo sapiens (Human)
Q99075	HBEGF_HUMAN	HBEGF DTR DTS HEGFL	Homo sapiens (Human)
Q99466	NOTC4_HUMAN	NOTCH4 INT3	Homo sapiens (Human)
Q99467	CD180_HUMAN	CD180 LY64 RP105	Homo sapiens (Human)
Q99523	SORT_HUMAN	SORT1	Homo sapiens (Human)
Q99650	OSMR_HUMAN	OSMR OSMRB	Homo sapiens (Human)
Q99665	I12R2_HUMAN	IL12RB2	Homo sapiens (Human)
Q99706	KI2L4_HUMAN	KIR2DL4 CD158D KIR103AS	Homo sapiens (Human)
Q99795	GPA33_HUMAN	GPA33	Homo sapiens (Human)
Q99965	ADAM2_HUMAN	ADAM2 FTNB	Homo sapiens (Human)
Q9BQ51	PD1L2_HUMAN	PDCD1LG2 B7DC CD273 PDCD1L2 PDL2	Homo sapiens (Human)
Q9BQS7	HEPH_HUMAN	HEPH KIAA0698 UNQ2562/PRO6242	Homo sapiens (Human)
Q9BQT9	CSTN3_HUMAN	CLSTN3 CS3 KIAA0726	Homo sapiens (Human)
Q9BRK3	MXRA8_HUMAN	MXRA8	Homo sapiens (Human)
Q9BSJ5	CQ080_HUMAN	MTNAP1 C17orf80 HLC8 MIG3	Homo sapiens (Human)
Q9BTN0	LRFN3_HUMAN	LRFN3 SALM4 UNQ5865/PRO34192	Homo sapiens (Human)
Q9BUF7	CRUM3_HUMAN	CRB3 UNQ588/PRO1158	Homo sapiens (Human)
Q9BVK6	TMED9_HUMAN	TMED9 GP25L2	Homo sapiens (Human)
Q9BWV1	BOC_HUMAN	BOC UNQ604/PRO1190	Homo sapiens (Human)
Q9BX59	TPSNR_HUMAN	TAPBPL	Homo sapiens (Human)
Q9BX67	JAM3_HUMAN	JAM3 UNQ859/PRO1868	Homo sapiens (Human)
Q9BXJ7	AMNLS_HUMAN	AMN UNQ513/PRO1028	Homo sapiens (Human)
Q9BXR5	TLR10_HUMAN	TLR10 UNQ315/PRO358	Homo sapiens (Human)
Q9BXS4	TMM59_HUMAN	TMEM59 C1orf8 HSPC001 UNQ169/PRO195	Homo sapiens (Human)
Q9BY67	CADM1_HUMAN	CADM1 IGSF4 IGSF4A NECL2 SYNCAM TSLC1	Homo sapiens (Human)
Q9BYE9	CDHR2_HUMAN	CDHR2 PCDH24 PCLKC	Homo sapiens (Human)
Q9BYF1	ACE2_HUMAN	ACE2 UNQ868/PRO1885	Homo sapiens (Human)
Q9BYH1	SE6L1_HUMAN	SEZ6L KIAA0927 UNQ2542/PRO6094	Homo sapiens (Human)
Q9BZ11	ADA33_HUMAN	ADAM33 C20orf153 UNQ873/PRO1891	Homo sapiens (Human)
Q9BZA7	PC11X_HUMAN	PCDH11X KIAA1326 PCDH11 PCDHX	Homo sapiens (Human)
Q9BZA8	PC11Y_HUMAN	PCDH11Y PCDH11 PCDH22 PCDHY	Homo sapiens (Human)
Q9BZD6	TMG4_HUMAN	PRRG4 PRGP4 TMG4	Homo sapiens (Human)
Q9BZG2	PPAT_HUMAN	ACP4 ACPT	Homo sapiens (Human)
Q9BZV3	IMPG2_HUMAN	IMPG2 IPM200	Homo sapiens (Human)
Q9BZW8	CD244_HUMAN	CD244 2B4	Homo sapiens (Human)
Q9BZZ2	SN_HUMAN	SIGLEC1 SN	Homo sapiens (Human)
Q9C0A0	CNTP4_HUMAN	CNTNAP4 CASPR4 KIAA1763	Homo sapiens (Human)
Q9C0C4	SEM4C_HUMAN	SEMA4C KIAA1739 SEMAI UNQ5855/PRO34487	Homo sapiens (Human)
Q9C0I4	THS7B_HUMAN	THSD7B KIAA1679	Homo sapiens (Human)
Q9H013	ADA19_HUMAN	ADAM19 MLTNB FKSG34	Homo sapiens (Human)
Q9H0Q3	FXYD6_HUMAN	FXYD6 UNQ521/PRO1056	Homo sapiens (Human)
Q9H0V9	LMA2L_HUMAN	LMAN2L VIPL PSEC0028 UNQ368/PRO704	Homo sapiens (Human)
Q9H156	SLIK2_HUMAN	SLITRK2 CXorf2 KIAA1854 SLITL1 UNQ9197/PRO34756	Homo sapiens (Human)
Q9H159	CAD19_HUMAN	CDH19 CDH7L2 UNQ478/PRO941	Homo sapiens (Human)
Q9H251	CAD23_HUMAN	CDH23 KIAA1774 KIAA1812 UNQ1894/PRO4340	Homo sapiens (Human)
Q9H2A7	CXL16_HUMAN	CXCL16 SCYB16 SRPSOX UNQ2759/PRO6714	Homo sapiens (Human)
Q9H2E6	SEM6A_HUMAN	SEMA6A KIAA1368 SEMAQ	Homo sapiens (Human)
Q9H2U9	ADAM7_HUMAN	ADAM7 GP83	Homo sapiens (Human)
Q9H3N1	TMX1_HUMAN	TMX1 TMX TXNDC TXNDC1 PSEC0085 UNQ235/PRO268	Homo sapiens (Human)
Q9H3R2	MUC13_HUMAN	MUC13 DRCC1 RECC UNQ6194/PRO20221	Homo sapiens (Human)
Q9H3S1	SEM4A_HUMAN	SEMA4A SEMAB SEMB UNQ783/PRO1317	Homo sapiens (Human)
Q9H3T2	SEM6C_HUMAN	SEMA6C KIAA1869 SEMAY	Homo sapiens (Human)
Q9H3T3	SEM6B_HUMAN	SEMA6B SEMAN SEMAZ UNQ1907/PRO4353	Homo sapiens (Human)
Q9H4D0	CSTN2_HUMAN	CLSTN2 CS2	Homo sapiens (Human)
Q9H5Y7	SLIK6_HUMAN	SLITRK6	Homo sapiens (Human)
Q9H6B4	CLMP_HUMAN	CLMP ACAM ASAM UNQ318/PRO363	Homo sapiens (Human)
Q9H6X2	ANTR1_HUMAN	ANTXR1 ATR TEM8	Homo sapiens (Human)
Q9H6Y7	RN167_HUMAN	RNF167 RING105 LP2254	Homo sapiens (Human)
Q9H7M9	VISTA_HUMAN	VSIR C10orf54 SISP1 VISTA PP2135 UNQ730/PRO1412	Homo sapiens (Human)
Q9H9K5	MER34_HUMAN	ERVMER34-1 HEMO LP9056	Homo sapiens (Human)
Q9H9P2	CHODL_HUMAN	CHODL C21orf68 PRED12 UNQ872/PRO1890	Homo sapiens (Human)
Q9HB29	ILRL2_HUMAN	IL1RL2 IL1RRP2	Homo sapiens (Human)
Q9HBB8	CDHR5_HUMAN	CDHR5 MUCDHL MUPCDH UNQ2781/PRO7168	Homo sapiens (Human)
Q9HBE5	IL21R_HUMAN	IL21R NILR UNQ3121/PRO10273	Homo sapiens (Human)
Q9HBG7	LY9_HUMAN	LY9 CDABP0070	Homo sapiens (Human)
Q9HBJ8	CLTRN_HUMAN	CLTRN TMEM27 UNQ679/PRO1312	Homo sapiens (Human)
Q9HBT6	CAD20_HUMAN	CDH20 CDH7L3	Homo sapiens (Human)
Q9HBV2	SACA1_HUMAN	SPACA1 SAMP32	Homo sapiens (Human)
Q9HBW1	LRRC4_HUMAN	LRRC4 BAG NAG14 UNQ554/PRO1111	Homo sapiens (Human)
Q9HC73	CRLF2_HUMAN	CRLF2 CRL2 ILXR TSLPR	Homo sapiens (Human)
Q9HCJ2	LRC4C_HUMAN	LRRC4C KIAA1580 NGL1 UNQ292/PRO331	Homo sapiens (Human)
Q9HCK4	ROBO2_HUMAN	ROBO2 KIAA1568	Homo sapiens (Human)
Q9HCM2	PLXA4_HUMAN	PLXNA4 KIAA1550 PLXNA4A PLXNA4B UNQ2820/PRO34003	Homo sapiens (Human)
Q9HCU0	CD248_HUMAN	CD248 CD164L1 TEM1	Homo sapiens (Human)
Q9HD43	PTPRH_HUMAN	PTPRH SAP1	Homo sapiens (Human)
Q9HDB5	NRX3B_HUMAN	NRXN3 KIAA0743	Homo sapiens (Human)
Q9NP60	IRPL2_HUMAN	IL1RAPL2 IL1R9	Homo sapiens (Human)
Q9NP84	TNR12_HUMAN	TNFRSF12A FN14	Homo sapiens (Human)
Q9NP99	TREM1_HUMAN	TREM1	Homo sapiens (Human)
Q9NPA0	EMC7_HUMAN	EMC7 C11orf3 C15orf24 HT022 UNQ905/PRO1926	Homo sapiens (Human)
Q9NPF0	CD320_HUMAN	CD320 8D6A UNQ198/PRO224	Homo sapiens (Human)
Q9NPG4	PCD12_HUMAN	PCDH12 UNQ395/PRO731	Homo sapiens (Human)
Q9NPH3	IL1AP_HUMAN	IL1RAP C3orf13 IL1R3	Homo sapiens (Human)
Q9NPR2	SEM4B_HUMAN	SEMA4B KIAA1745 SEMAC UNQ749/PRO1480	Homo sapiens (Human)
Q9NPY3	C1QR1_HUMAN	CD93 C1QR1 MXRA4	Homo sapiens (Human)
Q9NQ25	SLAF7_HUMAN	SLAMF7 CS1 UNQ576/PRO1138	Homo sapiens (Human)
Q9NQS3	NECT3_HUMAN	NECTIN3 PRR3 PVRL3	Homo sapiens (Human)
Q9NR16	C163B_HUMAN	CD163L1 CD163B M160 UNQ6434/PRO23202	Homo sapiens (Human)
Q9NR61	DLL4_HUMAN	DLL4 UNQ1895/PRO4341	Homo sapiens (Human)
Q9NR96	TLR9_HUMAN	TLR9 UNQ5798/PRO19605	Homo sapiens (Human)
Q9NR97	TLR8_HUMAN	TLR8 UNQ249/PRO286	Homo sapiens (Human)
Q9NRJ7	PCDBG_HUMAN	PCDHB16 KIAA1621 PCDH3X	Homo sapiens (Human)
Q9NRM6	I17RB_HUMAN	IL17RB CRL4 EVI27 IL17BR UNQ2501/PRO19612	Homo sapiens (Human)
Q9NRX6	KISHB_HUMAN	TMEM167B C1orf119 AD-020	Homo sapiens (Human)
Q9NS62	THSD1_HUMAN	THSD1 TMTSP UNQ3010/PRO9769	Homo sapiens (Human)
Q9NS68	TNR19_HUMAN	TNFRSF19 TAJ TROY UNQ1888/PRO4333	Homo sapiens (Human)
Q9NTN9	SEM4G_HUMAN	SEMA4G KIAA1619	Homo sapiens (Human)
Q9NXS2	QPCTL_HUMAN	QPCTL	Homo sapiens (Human)
Q9NY15	STAB1_HUMAN	STAB1 FEEL1 KIAA0246	Homo sapiens (Human)
Q9NY47	CA2D2_HUMAN	CACNA2D2 KIAA0558	Homo sapiens (Human)
Q9NY72	SCN3B_HUMAN	SCN3B KIAA1158	Homo sapiens (Human)
Q9NYJ7	DLL3_HUMAN	DLL3	Homo sapiens (Human)
Q9NYK1	TLR7_HUMAN	TLR7 UNQ248/PRO285	Homo sapiens (Human)
Q9NYQ8	FAT2_HUMAN	FAT2 CDHF8 KIAA0811 MEGF1	Homo sapiens (Human)
Q9NYZ4	SIGL8_HUMAN	SIGLEC8 SAF2	Homo sapiens (Human)
Q9NZ53	PDXL2_HUMAN	PODXL2 UNQ1861/PRO3742	Homo sapiens (Human)
Q9NZ94	NLGN3_HUMAN	NLGN3 KIAA1480 NL3	Homo sapiens (Human)
Q9NZC2	TREM2_HUMAN	TREM2	Homo sapiens (Human)
Q9NZJ5	E2AK3_HUMAN	EIF2AK3 PEK PERK	Homo sapiens (Human)
Q9NZN1	IRPL1_HUMAN	IL1RAPL1 OPHN4	Homo sapiens (Human)
Q9NZQ7	PD1L1_HUMAN	CD274 B7H1 PDCD1L1 PDCD1LG1 PDL1	Homo sapiens (Human)
Q9NZR2	LRP1B_HUMAN	LRP1B LRPDIT	Homo sapiens (Human)
Q9NZV1	CRIM1_HUMAN	CRIM1 S52 UNQ1886/PRO4330	Homo sapiens (Human)
Q9P0K1	ADA22_HUMAN	ADAM22 MDC2	Homo sapiens (Human)
Q9P0T7	TMEM9_HUMAN	TMEM9 DERP4 TMEM9A HSPC186 PSEC0012 UNQ631/PRO1248	Homo sapiens (Human)
Q9P0V8	SLAF8_HUMAN	SLAMF8 BLAME	Homo sapiens (Human)
Q9P1W8	SIRPG_HUMAN	SIRPG SIRPB2	Homo sapiens (Human)
Q9P246	STIM2_HUMAN	STIM2 KIAA1482	Homo sapiens (Human)
Q9P2B2	FPRP_HUMAN	PTGFRN CD9P1 EWIF FPRP KIAA1436	Homo sapiens (Human)
Q9P2J2	TUTLA_HUMAN	IGSF9 IGSF9A KIAA1355 NRT1	Homo sapiens (Human)
Q9P2S2	NRX2A_HUMAN	NRXN2 KIAA0921	Homo sapiens (Human)
Q9UBG0	MRC2_HUMAN	MRC2 CLEC13E ENDO180 KIAA0709 UPARAP	Homo sapiens (Human)
Q9UBK5	HCST_HUMAN	HCST DAP10 KAP10 PIK3AP UNQ587/PRO1157	Homo sapiens (Human)
Q9UBN6	TR10D_HUMAN	TNFRSF10D DCR2 TRAILR4 TRUNDD UNQ251/PRO288	Homo sapiens (Human)
Q9UBS9	SUCO_HUMAN	SUCO C1orf9 CH1 OPT SLP1	Homo sapiens (Human)
Q9UBV2	SE1L1_HUMAN	SEL1L TSA305 UNQ128/PRO1063	Homo sapiens (Human)
Q9UEF7	KLOT_HUMAN	KL	Homo sapiens (Human)
Q9UF33	EPHA6_HUMAN	EPHA6 EHK2 HEK12	Homo sapiens (Human)
Q9UGN4	CLM8_HUMAN	CD300A CMRF35H IGSF12 HSPC083	Homo sapiens (Human)
Q9UGT4	SUSD2_HUMAN	SUSD2	Homo sapiens (Human)
Q9UHC6	CNTP2_HUMAN	CNTNAP2 CASPR2 KIAA0868	Homo sapiens (Human)
Q9UHF4	I20RA_HUMAN	IL20RA UNQ681/PRO1315	Homo sapiens (Human)
Q9UIB8	SLAF5_HUMAN	CD84 SLAMF5	Homo sapiens (Human)
Q9UIK5	TEFF2_HUMAN	TMEFF2 HPP1 TENB2 TPEF UNQ178/PRO204	Homo sapiens (Human)
Q9UIW2	PLXA1_HUMAN	PLXNA1 NOV PLXN1	Homo sapiens (Human)
Q9UJ90	KCNE5_HUMAN	KCNE5 AMMECR2 KCNE1L	Homo sapiens (Human)
Q9UJQ1	LAMP5_HUMAN	LAMP5 C20orf103	Homo sapiens (Human)
Q9UK23	NAGPA_HUMAN	NAGPA	Homo sapiens (Human)
Q9UKB5	AJAP1_HUMAN	AJAP1 MOT8 SHREW1	Homo sapiens (Human)
Q9UKF2	ADA30_HUMAN	ADAM30 UNQ2509/PRO5997	Homo sapiens (Human)
Q9UKF5	ADA29_HUMAN	ADAM29	Homo sapiens (Human)
Q9UKJ1	PILRA_HUMAN	PILRA	Homo sapiens (Human)
Q9UKJ8	ADA21_HUMAN	ADAM21	Homo sapiens (Human)
Q9UKN1	MUC12_HUMAN	MUC12 MUC11	Homo sapiens (Human)
Q9UKQ2	ADA28_HUMAN	ADAM28 ADAM23 MDCL	Homo sapiens (Human)
Q9UKX5	ITA11_HUMAN	ITGA11 MSTP018	Homo sapiens (Human)
Q9ULB1	NRX1A_HUMAN	NRXN1 KIAA0578	Homo sapiens (Human)
Q9ULB4	CADH9_HUMAN	CDH9	Homo sapiens (Human)
Q9ULB5	CADH7_HUMAN	CDH7 CDH7L1	Homo sapiens (Human)
Q9ULC0	MUCEN_HUMAN	EMCN EMCN2 MUC14	Homo sapiens (Human)
Q9ULH4	LRFN2_HUMAN	LRFN2 KIAA1246 SALM1	Homo sapiens (Human)
Q9ULI3	HEG1_HUMAN	HEG1 KIAA1237	Homo sapiens (Human)
Q9ULL4	PLXB3_HUMAN	PLXNB3 KIAA1206 PLXN6	Homo sapiens (Human)
Q9ULT6	ZNRF3_HUMAN	ZNRF3 KIAA1133 RNF203	Homo sapiens (Human)
Q9ULX7	CAH14_HUMAN	CA14 UNQ690/PRO1335	Homo sapiens (Human)
Q9UM44	HHLA2_HUMAN	HHLA2	Homo sapiens (Human)
Q9UM47	NOTC3_HUMAN	NOTCH3	Homo sapiens (Human)
Q9UM73	ALK_HUMAN	ALK	Homo sapiens (Human)
Q9UMF0	ICAM5_HUMAN	ICAM5 TLCN TLN	Homo sapiens (Human)
Q9UMZ3	PTPRQ_HUMAN	PTPRQ	Homo sapiens (Human)
Q9UN72	PCDA7_HUMAN	PCDHA7 CNRS4	Homo sapiens (Human)
Q9UN73	PCDA6_HUMAN	PCDHA6 CNRS2	Homo sapiens (Human)
Q9UN74	PCDA4_HUMAN	PCDHA4	Homo sapiens (Human)
Q9UNE0	EDAR_HUMAN	EDAR DL	Homo sapiens (Human)
Q9UNN8	EPCR_HUMAN	PROCR EPCR	Homo sapiens (Human)
Q9UPZ6	THS7A_HUMAN	THSD7A KIAA0960	Homo sapiens (Human)
Q9UQC9	CLCA2_HUMAN	CLCA2 CACC3	Homo sapiens (Human)
Q9UQF0	SYCY1_HUMAN	ERVW-1 ERVWE1	Homo sapiens (Human)
Q9UQV4	LAMP3_HUMAN	LAMP3 DCLAMP TSC403	Homo sapiens (Human)
Q9Y219	JAG2_HUMAN	JAG2	Homo sapiens (Human)
Q9Y279	VSIG4_HUMAN	VSIG4 CRIg Z39IG UNQ317/PRO362	Homo sapiens (Human)
Q9Y286	SIGL7_HUMAN	SIGLEC7 AIRM1	Homo sapiens (Human)
Q9Y2B2	PIGL_HUMAN	PIGL	Homo sapiens (Human)
Q9Y2C9	TLR6_HUMAN	TLR6	Homo sapiens (Human)
Q9Y320	TMX2_HUMAN	TMX2 TXNDC14 CGI-31 My009 PIG26 PSEC0045 UNQ237/PRO270	Homo sapiens (Human)
Q9Y336	SIGL9_HUMAN	SIGLEC9 UNQ668/PRO1302	Homo sapiens (Human)
Q9Y3A6	TMED5_HUMAN	TMED5 CGI-100 UNQ397/PRO733	Homo sapiens (Human)
Q9Y3B3	TMED7_HUMAN	TMED7 CGI-109	Homo sapiens (Human)
Q9Y3P8	SIT1_HUMAN	SIT1 SIT	Homo sapiens (Human)
Q9Y3Q3	TMED3_HUMAN	TMED3 C15orf22 UNQ5357/PRO1078	Homo sapiens (Human)
Q9Y3Q7	ADA18_HUMAN	ADAM18 TMDC3 UNQ858/PRO1867	Homo sapiens (Human)
Q9Y493	ZAN_HUMAN	ZAN	Homo sapiens (Human)
Q9Y4C0	NRX3A_HUMAN	NRXN3 C14orf60 KIAA0743	Homo sapiens (Human)
Q9Y561	LRP12_HUMAN	LRP12 ST7	Homo sapiens (Human)
Q9Y5E1	PCDB9_HUMAN	PCDHB9 PCDH3H	Homo sapiens (Human)
Q9Y5E3	PCDB6_HUMAN	PCDHB6	Homo sapiens (Human)
Q9Y5E9	PCDBE_HUMAN	PCDHB14	Homo sapiens (Human)
Q9Y5F1	PCDBC_HUMAN	PCDHB12	Homo sapiens (Human)
Q9Y5F7	PCDGL_HUMAN	PCDHGC4	Homo sapiens (Human)
Q9Y5H5	PCDA9_HUMAN	PCDHA9 KIAA0345	Homo sapiens (Human)
Q9Y5H9	PCDA2_HUMAN	PCDHA2	Homo sapiens (Human)
Q9Y5I2	PCDAA_HUMAN	PCDHA10 CNRS8	Homo sapiens (Human)
Q9Y5I3	PCDA1_HUMAN	PCDHA1	Homo sapiens (Human)
Q9Y5R2	MMP24_HUMAN	MMP24 MT5MMP	Homo sapiens (Human)
Q9Y5U5	TNR18_HUMAN	TNFRSF18 AITR GITR UNQ319/PRO364	Homo sapiens (Human)
Q9Y5Y7	LYVE1_HUMAN	LYVE1 CRSBP1 HAR XLKD1 UNQ230/PRO263	Homo sapiens (Human)
Q9Y5Z0	BACE2_HUMAN	BACE2 AEPLC ALP56 ASP21 CDA13 UNQ418/PRO852	Homo sapiens (Human)
Q9Y624	JAM1_HUMAN	F11R JAM1 JCAM UNQ264/PRO301	Homo sapiens (Human)
Q9Y639	NPTN_HUMAN	NPTN SDFR1 SDR1	Homo sapiens (Human)
Q9Y6H6	KCNE3_HUMAN	KCNE3	Homo sapiens (Human)
Q9Y6J6	KCNE2_HUMAN	KCNE2	Homo sapiens (Human)
Q9Y6N7	ROBO1_HUMAN	ROBO1 DUTT1	Homo sapiens (Human)
Q9Y6N8	CAD10_HUMAN	CDH10	Homo sapiens (Human)
Q9Y6Q6	TNR11_HUMAN	TNFRSF11A RANK	Homo sapiens (Human)
Q9Y6W8	ICOS_HUMAN	ICOS AILIM	Homo sapiens (Human)
Q9Y6X5	ENPP4_HUMAN	ENPP4 KIAA0879 NPP4	Homo sapiens (Human)
W5XKT8	SACA6_HUMAN	SPACA6 SPACA6P UNQ2487/PRO5774	Homo sapiens (Human)
A4D0T7	SIM30_HUMAN	SMIM30 MAVI1	Homo sapiens (Human)
A6NDA9	LRIT2_HUMAN	LRIT2 LRRC22	Homo sapiens (Human)
A6NJW9	CD8B2_HUMAN	CD8B2 CD8BP	Homo sapiens (Human)
A6NL88	SHSA7_HUMAN	SHISA7	Homo sapiens (Human)
A6NMB1	SIG16_HUMAN	SIGLEC16 SIGLECP16	Homo sapiens (Human)
A8MWY0	ELAP2_HUMAN	ELAPOR2 EIG121L KIAA1324L	Homo sapiens (Human)
A8MXK1	VSTM5_HUMAN	VSTM5 C11orf90	Homo sapiens (Human)
B4DS77	SHSA9_HUMAN	SHISA9	Homo sapiens (Human)
B8ZZ34	SHSA8_HUMAN	SHISA8 C22orf17	Homo sapiens (Human)
O14668	TMG1_HUMAN	PRRG1 PRGP1 TMG1	Homo sapiens (Human)
O60245	PCDH7_HUMAN	PCDH7 BHPCDH	Homo sapiens (Human)
O60279	SUSD5_HUMAN	SUSD5 KIAA0527	Homo sapiens (Human)
O60330	PCDGC_HUMAN	PCDHGA12 CDH21 FIB3 KIAA0588 UNQ371/PRO707	Homo sapiens (Human)
O71037	ENK19_HUMAN	ERVK-19	Homo sapiens (Human)
O75325	LRRN2_HUMAN	LRRN2 GAC1 LRRN5 UNQ256/PRO293	Homo sapiens (Human)
O95976	IGSF6_HUMAN	IGSF6 DORA	Homo sapiens (Human)
P43308	SSRB_HUMAN	SSR2 TRAPB HSD25	Homo sapiens (Human)
P43627	KI2L2_HUMAN	KIR2DL2 CD158B1 NKAT6	Homo sapiens (Human)
P55808	XG_HUMAN	XG PBDX	Homo sapiens (Human)
P58549	FXYD7_HUMAN	FXYD7	Homo sapiens (Human)
P58658	EVA1C_HUMAN	EVA1C C21orf63 C21orf64 FAM176C PRED34 UNQ2504/PRO5993	Homo sapiens (Human)
P61565	ENK21_HUMAN	ERVK-21	Homo sapiens (Human)
P61566	ENK24_HUMAN	ERVK-24	Homo sapiens (Human)
Q14952	KI2S3_HUMAN	KIR2DS3 NKAT7	Homo sapiens (Human)
Q14C87	T132D_HUMAN	TMEM132D HBE120 KIAA1944 MOLT	Homo sapiens (Human)
Q3KPI0	CEA21_HUMAN	CEACAM21 UNQ3098/PRO10075	Homo sapiens (Human)
Q3MIW9	MUCL3_HUMAN	MUCL3 C6orf37 DPCR1 PBLT	Homo sapiens (Human)
Q3SY77	UD3A2_HUMAN	UGT3A2 PSEC0073 UNQ842/PRO1780	Homo sapiens (Human)
Q3ZCQ3	F174B_HUMAN	FAM174B	Homo sapiens (Human)
Q5JRM2	CX066_HUMAN	CXorf66	Homo sapiens (Human)
Q5JXA9	SIRB2_HUMAN	SIRPB2 PTPN1L PTPNS1L3	Homo sapiens (Human)
Q5SY80	CTSRE_HUMAN	CATSPERE C1orf101	Homo sapiens (Human)
Q5TEA6	SE1L2_HUMAN	SEL1L2 C20orf50	Homo sapiens (Human)
Q5TFQ8	SIRBL_HUMAN	SIRPB1	Homo sapiens (Human)
Q5VU97	CAHD1_HUMAN	CACHD1 KIAA1573 VWCD1	Homo sapiens (Human)
Q5VV63	ATRN1_HUMAN	ATRNL1 KIAA0534	Homo sapiens (Human)
Q6IEE7	T132E_HUMAN	TMEM132E	Homo sapiens (Human)
Q6NUS8	UD3A1_HUMAN	UGT3A1	Homo sapiens (Human)
Q6P7N7	TMM81_HUMAN	TMEM81 UNQ2788/PRO7178	Homo sapiens (Human)
Q6P9G4	TM154_HUMAN	TMEM154	Homo sapiens (Human)
Q6PI73	LIRA6_HUMAN	LILRA6 ILT8	Homo sapiens (Human)
Q6Q8B3	MO2R2_HUMAN	CD200R1L CD200R2	Homo sapiens (Human)
Q6UWL2	SUSD1_HUMAN	SUSD1 UNQ2438/PRO4999	Homo sapiens (Human)
Q6UWV2	MPZL3_HUMAN	MPZL3 UNQ2966/PRO7425	Homo sapiens (Human)
Q6UWW9	TM207_HUMAN	TMEM207 UNQ846/PRO1784	Homo sapiens (Human)
Q6UXC1	AEGP_HUMAN	MAMDC4 AEGP UNQ3001/PRO9742	Homo sapiens (Human)
Q6UXK5	LRRN1_HUMAN	LRRN1 KIAA1497 Nbla10449 UNQ693/PRO1338	Homo sapiens (Human)
Q6UXM1	LRIG3_HUMAN	LRIG3 LIG3 UNQ287/PRO326/PRO335	Homo sapiens (Human)
Q6UY11	DLK2_HUMAN	DLK2 EGFL9 UNQ2903/PRO28633	Homo sapiens (Human)
Q6ZRH7	CTSRG_HUMAN	CATSPERG C19orf15	Homo sapiens (Human)
Q7Z692	CEA19_HUMAN	CEACAM19 CEAL1 UNQ2973/PRO7436	Homo sapiens (Human)
Q86UP6	CUZD1_HUMAN	CUZD1 UNQ224/PRO257	Homo sapiens (Human)
Q86VR7	VS10L_HUMAN	VSIG10L	Homo sapiens (Human)
Q86VZ4	LRP11_HUMAN	LRP11	Homo sapiens (Human)
Q86WK7	AMGO3_HUMAN	AMIGO3 ALI3 KIAA1851 UNQ6084/PRO20089	Homo sapiens (Human)
Q86XR5	PRIMA_HUMAN	PRIMA1	Homo sapiens (Human)
Q8N109	KI2LA_HUMAN	KIR2DL5A CD158F CD158F1 KIR2DL5	Homo sapiens (Human)
Q8N6Y1	PCD20_HUMAN	PCDH20 PCDH13	Homo sapiens (Human)
Q8NBR0	P5I13_HUMAN	TP53I13 DSCP1	Homo sapiens (Human)
Q8NHK3	KI2LB_HUMAN	KIR2DL5B CD158F CD158F2 KIR2DL5 KIR2DLX	Homo sapiens (Human)
Q8TB96	TIP_HUMAN	ITFG1 LNKN-1 TIP CDA08	Homo sapiens (Human)
Q8TBF5	PIGX_HUMAN	PIGX	Homo sapiens (Human)
Q8TBQ9	KISHA_HUMAN	TMEM167A TMEM167	Homo sapiens (Human)
Q8TCW7	ZPLD1_HUMAN	ZPLD1	Homo sapiens (Human)
Q8TDY8	IGDC4_HUMAN	IGDCC4 DDM36 KIAA1628 NOPE	Homo sapiens (Human)
Q8WUT4	LRRN4_HUMAN	LRRN4 C20orf75	Homo sapiens (Human)
Q8WWG1	NRG4_HUMAN	NRG4	Homo sapiens (Human)
Q902F8	ENK8_HUMAN	ERVK-8	Homo sapiens (Human)
Q902F9	EN113_HUMAN	HERVK_113	Homo sapiens (Human)
Q96A28	SLAF9_HUMAN	SLAMF9 CD2F10 UNQ1938/PRO4421	Homo sapiens (Human)
Q96DD7	SHSA4_HUMAN	SHISA4 C1orf40 TMEM58 UNQ583/PRO1153	Homo sapiens (Human)
Q96IQ7	VSIG2_HUMAN	VSIG2 CTH CTXL UNQ2770/PRO7154	Homo sapiens (Human)
Q96J86	CYYR1_HUMAN	CYYR1 C21orf95	Homo sapiens (Human)
Q96LL3	FIMP_HUMAN	FIMP C16orf92	Homo sapiens (Human)
Q96PE5	OPALI_HUMAN	OPALIN HTMP10 TMEM10	Homo sapiens (Human)
Q9BT76	UPK3B_HUMAN	UPK3B	Homo sapiens (Human)
Q9BZ76	CNTP3_HUMAN	CNTNAP3 CASPR3 KIAA1714	Homo sapiens (Human)
Q9BZD7	TMG3_HUMAN	PRRG3 PRGP3 TMG3	Homo sapiens (Human)
Q9H158	PCDC1_HUMAN	PCDHAC1	Homo sapiens (Human)
Q9H1E5	TMX4_HUMAN	TMX4 KIAA1162 TXNDC13 PSEC0095 UNQ475/PRO938	Homo sapiens (Human)
Q9H1U4	MEGF9_HUMAN	MEGF9 EGFL5 KIAA0818 UNQ671/PRO1305	Homo sapiens (Human)
Q9H665	IGFR1_HUMAN	IGFLR1 TMEM149 U2AF1L4	Homo sapiens (Human)
Q9H6D8	FNDC4_HUMAN	FNDC4 FRCP1 UNQ6389/PRO21134	Homo sapiens (Human)
Q9H756	LRC19_HUMAN	LRRC19	Homo sapiens (Human)
Q9H8J5	MANS1_HUMAN	MANSC1 LOH12CR3 UNQ316/PRO361	Homo sapiens (Human)
Q9HAT1	LMA1L_HUMAN	LMAN1L ERGL UNQ2784/PRO7174	Homo sapiens (Human)
Q9HBL6	LRTM1_HUMAN	LRTM1 HT017	Homo sapiens (Human)
Q9HC56	PCDH9_HUMAN	PCDH9	Homo sapiens (Human)
Q9HCL0	PCD18_HUMAN	PCDH18 KIAA1562	Homo sapiens (Human)
Q9NQ60	EQTN_HUMAN	EQTN AFAF C9orf11	Homo sapiens (Human)
Q9NSI5	IGSF5_HUMAN	IGSF5 JAM4	Homo sapiens (Human)
Q9P244	LRFN1_HUMAN	LRFN1 KIAA1484 SALM2	Homo sapiens (Human)
Q9P2E7	PCD10_HUMAN	PCDH10 KIAA1400	Homo sapiens (Human)
Q9P2V4	LRIT1_HUMAN	LRIT1 LRRC21 PAL	Homo sapiens (Human)
Q9UJ99	CAD22_HUMAN	CDH22 C20orf25	Homo sapiens (Human)
Q9UKH3	ENK9_HUMAN	ERVK-9	Homo sapiens (Human)
Q9UKJ0	PILRB_HUMAN	PILRB FDFACT PP1551	Homo sapiens (Human)
Q9ULK6	RN150_HUMAN	RNF150 KIAA1214	Homo sapiens (Human)
Q9UN66	PCDB8_HUMAN	PCDHB8 PCDH3I	Homo sapiens (Human)
Q9UN67	PCDBA_HUMAN	PCDHB10 UNQ1906/PRO4352	Homo sapiens (Human)
Q9UN70	PCDGK_HUMAN	PCDHGC3 PCDH2	Homo sapiens (Human)
Q9UN71	PCDGG_HUMAN	PCDHGB4 CDH20 FIB2	Homo sapiens (Human)
Q9UN75	PCDAC_HUMAN	PCDHA12	Homo sapiens (Human)
Q9UPU3	SORC3_HUMAN	SORCS3 KIAA1059	Homo sapiens (Human)
Q9UPX0	TUTLB_HUMAN	IGSF9B KIAA1030	Homo sapiens (Human)
Q9Y5E2	PCDB7_HUMAN	PCDHB7	Homo sapiens (Human)
Q9Y5E4	PCDB5_HUMAN	PCDHB5	Homo sapiens (Human)
Q9Y5E5	PCDB4_HUMAN	PCDHB4	Homo sapiens (Human)
Q9Y5E6	PCDB3_HUMAN	PCDHB3	Homo sapiens (Human)
Q9Y5E7	PCDB2_HUMAN	PCDHB2	Homo sapiens (Human)
Q9Y5E8	PCDBF_HUMAN	PCDHB15	Homo sapiens (Human)
Q9Y5F0	PCDBD_HUMAN	PCDHB13 UNQ332/PRO531	Homo sapiens (Human)
Q9Y5F2	PCDBB_HUMAN	PCDHB11	Homo sapiens (Human)
Q9Y5F3	PCDB1_HUMAN	PCDHB1	Homo sapiens (Human)
Q9Y5F6	PCDGM_HUMAN	PCDHGC5	Homo sapiens (Human)
Q9Y5F8	PCDGJ_HUMAN	PCDHGB7	Homo sapiens (Human)
Q9Y5F9	PCDGI_HUMAN	PCDHGB6	Homo sapiens (Human)
Q9Y5G0	PCDGH_HUMAN	PCDHGB5	Homo sapiens (Human)
Q9Y5G1	PCDGF_HUMAN	PCDHGB3	Homo sapiens (Human)
Q9Y5G2	PCDGE_HUMAN	PCDHGB2	Homo sapiens (Human)
Q9Y5G3	PCDGD_HUMAN	PCDHGB1	Homo sapiens (Human)
Q9Y5G4	PCDG9_HUMAN	PCDHGA9	Homo sapiens (Human)
Q9Y5G5	PCDG8_HUMAN	PCDHGA8 KIAA0327	Homo sapiens (Human)
Q9Y5G6	PCDG7_HUMAN	PCDHGA7	Homo sapiens (Human)
Q9Y5G7	PCDG6_HUMAN	PCDHGA6	Homo sapiens (Human)
Q9Y5G8	PCDG5_HUMAN	PCDHGA5	Homo sapiens (Human)
Q9Y5G9	PCDG4_HUMAN	PCDHGA4	Homo sapiens (Human)
Q9Y5H0	PCDG3_HUMAN	PCDHGA3	Homo sapiens (Human)
Q9Y5H1	PCDG2_HUMAN	PCDHGA2	Homo sapiens (Human)
Q9Y5H2	PCDGB_HUMAN	PCDHGA11	Homo sapiens (Human)
Q9Y5H3	PCDGA_HUMAN	PCDHGA10	Homo sapiens (Human)
Q9Y5H4	PCDG1_HUMAN	PCDHGA1	Homo sapiens (Human)
Q9Y5H6	PCDA8_HUMAN	PCDHA8	Homo sapiens (Human)
Q9Y5H7	PCDA5_HUMAN	PCDHA5 CNRS6	Homo sapiens (Human)
Q9Y5H8	PCDA3_HUMAN	PCDHA3	Homo sapiens (Human)
Q9Y5I0	PCDAD_HUMAN	PCDHA13 CNRS5	Homo sapiens (Human)
Q9Y5I1	PCDAB_HUMAN	PCDHA11 CNRS7	Homo sapiens (Human)
Q9Y5I4	PCDC2_HUMAN	PCDHAC2	Homo sapiens (Human)
A0PJX4	SHSA3_HUMAN	SHISA3	Homo sapiens (Human)
A2RRL7	TM213_HUMAN	TMEM213	Homo sapiens (Human)
A6H8M9	CDHR4_HUMAN	CDHR4 CDH29 UNQ9392/PRO34300	Homo sapiens (Human)
A6NF34	ANTRL_HUMAN	ANTXRL	Homo sapiens (Human)
A6NHS7	MANS4_HUMAN	MANSC4	Homo sapiens (Human)
A6NM11	L37A2_HUMAN	LRRC37A2	Homo sapiens (Human)
A6NMS7	L37A1_HUMAN	LRRC37A LRRC37A1	Homo sapiens (Human)
A8MVW0	F1712_HUMAN	FAM171A2	Homo sapiens (Human)
A8MVZ5	BTNLA_HUMAN	BTNL10P BTNL10	Homo sapiens (Human)
I3L273	GFY_HUMAN	GFY	Homo sapiens (Human)
O60309	L37A3_HUMAN	LRRC37A3 KIAA0563	Homo sapiens (Human)
P0C6S8	LIGO3_HUMAN	LINGO3 LERN2 LRRN6B	Homo sapiens (Human)
P0DPA2	VSIG8_HUMAN	VSIG8 C1orf204	Homo sapiens (Human)
P15421	GLPE_HUMAN	GYPE GPE	Homo sapiens (Human)
P59646	FXYD4_HUMAN	FXYD4 UNQ526/PRO1069	Homo sapiens (Human)
Q14DG7	T132B_HUMAN	TMEM132B KIAA1786 KIAA1906	Homo sapiens (Human)
Q17R55	F187B_HUMAN	FAM187B TMEM162	Homo sapiens (Human)
Q5JX69	F209B_HUMAN	FAM209B C20orf107	Homo sapiens (Human)
Q5SZI1	LRAD2_HUMAN	LDLRAD2	Homo sapiens (Human)
Q5T1S8	NCMAP_HUMAN	NCMAP C1orf130	Homo sapiens (Human)
Q5T292	TM273_HUMAN	TMEM273 C10orf128	Homo sapiens (Human)
Q5VXM1	CDCP2_HUMAN	CDCP2	Homo sapiens (Human)
Q5VZ72	IZUM3_HUMAN	IZUMO3 C9orf134	Homo sapiens (Human)
Q6P995	F171B_HUMAN	FAM171B KIAA1946 NPD019	Homo sapiens (Human)
Q6UWI4	SHSA2_HUMAN	SHISA2 C13orf13 TMEM46 UNQ9166/PRO28631	Homo sapiens (Human)
Q6UWJ8	C16L2_HUMAN	CD164L2 UNQ6122/PRO20044	Homo sapiens (Human)
Q6UWM9	UD2A3_HUMAN	UGT2A3 UNQ2559/PRO6239	Homo sapiens (Human)
Q6UXE8	BTNL3_HUMAN	BTNL3 BTNLR COLF4100 UNQ744/PRO1472	Homo sapiens (Human)
Q6UXU6	TMM92_HUMAN	TMEM92 UNQ5801/PRO19608	Homo sapiens (Human)
Q6UXV1	IZUM2_HUMAN	IZUMO2 C19orf41 SCRL UNQ6978/PRO21961	Homo sapiens (Human)
Q6UY18	LIGO4_HUMAN	LINGO4 LRRN6D UNQ9248/PRO34002	Homo sapiens (Human)
Q7L985	LIGO2_HUMAN	LINGO2 LERN3 LRRN6C UNQ9234/PRO31993	Homo sapiens (Human)
Q86VH4	LRRT4_HUMAN	LRRTM4 UNQ3075/PRO9907	Homo sapiens (Human)
Q8IYS2	K2013_HUMAN	KIAA2013	Homo sapiens (Human)
Q8N0Z9	VSI10_HUMAN	VSIG10	Homo sapiens (Human)
Q8N3T6	T132C_HUMAN	TMEM132C	Homo sapiens (Human)
Q8N8Z6	DCBD1_HUMAN	DCBLD1	Homo sapiens (Human)
Q8N967	LRTM2_HUMAN	LRTM2	Homo sapiens (Human)
Q8NEA5	CS018_HUMAN	C19orf18	Homo sapiens (Human)
Q8NEW7	TMIE_HUMAN	TMIE	Homo sapiens (Human)
Q8WW62	TMED6_HUMAN	TMED6 UNQ9146/PRO34237	Homo sapiens (Human)
Q8WYK1	CNTP5_HUMAN	CNTNAP5 CASPR5	Homo sapiens (Human)
Q96KJ4	MSLNL_HUMAN	MSLNL C16orf37 MPFL	Homo sapiens (Human)
Q96KV6	BT2A3_HUMAN	BTN2A3P BTN2A3	Homo sapiens (Human)
Q96NU0	CNT3B_HUMAN	CNTNAP3B CASPR3B	Homo sapiens (Human)
Q96QE4	LR37B_HUMAN	LRRC37B	Homo sapiens (Human)
Q9BVV8	F174C_HUMAN	FAM174C C19orf24	Homo sapiens (Human)
Q9H3W5	LRRN3_HUMAN	LRRN3 Nbla10363 UNQ194/PRO220	Homo sapiens (Human)
Q9UK28	TM59L_HUMAN	TMEM59L BSMAP C19orf4	Homo sapiens (Human)
A0A1B0GTY4	TEX50_HUMAN	TEX50	Homo sapiens (Human)
A0A1B0GUA7	TEX51_HUMAN	TEX51	Homo sapiens (Human)
A0A1W2PQU2	KANTR_HUMAN	KANTR	Homo sapiens (Human)
A0A2R8Y7Y5	CIST1_HUMAN	CIST1	Homo sapiens (Human)
A0A6I8PU40	TUG1_HUMAN	TUG1	Homo sapiens (Human)
A2RUT3	TMM89_HUMAN	TMEM89	Homo sapiens (Human)
A6NFU0	F187A_HUMAN	FAM187A	Homo sapiens (Human)
A6NGZ8	SMIM9_HUMAN	SMIM9 CXorf68	Homo sapiens (Human)
A6NLU5	VTM2B_HUMAN	VSTM2B	Homo sapiens (Human)
A6NLX4	TM210_HUMAN	TMEM210	Homo sapiens (Human)
A8MVS5	HIDE1_HUMAN	HIDE1 C19orf38	Homo sapiens (Human)
B0FP48	UPK3L_HUMAN	UPK3BL1 UPLP	Homo sapiens (Human)
B6SEH8	ERVV1_HUMAN	ERVV-1 ENVV1	Homo sapiens (Human)
E5RIL1	UPKL2_HUMAN	UPK3BL2	Homo sapiens (Human)
F2Z333	FND10_HUMAN	FNDC10 C1orf233	Homo sapiens (Human)
P0DKB5	TPBGL_HUMAN	TPBGL	Homo sapiens (Human)
P0DPE3	TMDD1_HUMAN	TMDD1 C12orf81	Homo sapiens (Human)
P0DTF9	PTIP2_HUMAN	PTTG1IP2	Homo sapiens (Human)
P58550	FXYD8_HUMAN	FXYD6P3 FXYD8	Homo sapiens (Human)
Q3MIP1	IPIL2_HUMAN	ITPRIPL2	Homo sapiens (Human)
Q8N1Y9	YI025_HUMAN		Homo sapiens (Human)
Q8NC54	KCT2_HUMAN	KCT2 C5orf15 HTGN29	Homo sapiens (Human)
Q8ND94	LRN4L_HUMAN	LRRN4CL UNQ728/PRO1410	Homo sapiens (Human)
Q9BQ49	SMIM7_HUMAN	SMIM7 C19orf42	Homo sapiens (Human)
Q9NU53	GINM1_HUMAN	GINM1 C6orf72 UNQ710/PRO1361	Homo sapiens (Human)
